oldName,newName
1_HYTYKBGX7.1.ACTCGCTA_CTAGTCGA.unmapped.1.fastq.gz,P40-Cgfp-S38-B-A01_S001_L001_R1_001.fastq.gz
1_HYTYKBGX7.1.ACTCGCTA_CTAGTCGA.unmapped.2.fastq.gz,P40-Cgfp-S38-B-A01_S001_L001_R2_001.fastq.gz
2_HYTYKBGX7.2.ACTCGCTA_CTAGTCGA.unmapped.1.fastq.gz,P40-Cgfp-S38-B-A01_S001_L002_R1_001.fastq.gz
2_HYTYKBGX7.2.ACTCGCTA_CTAGTCGA.unmapped.2.fastq.gz,P40-Cgfp-S38-B-A01_S001_L002_R2_001.fastq.gz
3_HYTYKBGX7.3.ACTCGCTA_CTAGTCGA.unmapped.1.fastq.gz,P40-Cgfp-S38-B-A01_S001_L003_R1_001.fastq.gz
3_HYTYKBGX7.3.ACTCGCTA_CTAGTCGA.unmapped.2.fastq.gz,P40-Cgfp-S38-B-A01_S001_L003_R2_001.fastq.gz
4_HYTYKBGX7.4.ACTCGCTA_CTAGTCGA.unmapped.1.fastq.gz,P40-Cgfp-S38-B-A01_S001_L004_R1_001.fastq.gz
4_HYTYKBGX7.4.ACTCGCTA_CTAGTCGA.unmapped.2.fastq.gz,P40-Cgfp-S38-B-A01_S001_L004_R2_001.fastq.gz
1_HYTYKBGX7.1.GGAGCTAC_CTAGTCGA.unmapped.1.fastq.gz,P40-Cfkn-S39-B-A02_S002_L001_R1_001.fastq.gz
1_HYTYKBGX7.1.GGAGCTAC_CTAGTCGA.unmapped.2.fastq.gz,P40-Cfkn-S39-B-A02_S002_L001_R2_001.fastq.gz
2_HYTYKBGX7.2.GGAGCTAC_CTAGTCGA.unmapped.1.fastq.gz,P40-Cfkn-S39-B-A02_S002_L002_R1_001.fastq.gz
2_HYTYKBGX7.2.GGAGCTAC_CTAGTCGA.unmapped.2.fastq.gz,P40-Cfkn-S39-B-A02_S002_L002_R2_001.fastq.gz
3_HYTYKBGX7.3.GGAGCTAC_CTAGTCGA.unmapped.1.fastq.gz,P40-Cfkn-S39-B-A02_S002_L003_R1_001.fastq.gz
3_HYTYKBGX7.3.GGAGCTAC_CTAGTCGA.unmapped.2.fastq.gz,P40-Cfkn-S39-B-A02_S002_L003_R2_001.fastq.gz
4_HYTYKBGX7.4.GGAGCTAC_CTAGTCGA.unmapped.1.fastq.gz,P40-Cfkn-S39-B-A02_S002_L004_R1_001.fastq.gz
4_HYTYKBGX7.4.GGAGCTAC_CTAGTCGA.unmapped.2.fastq.gz,P40-Cfkn-S39-B-A02_S002_L004_R2_001.fastq.gz
1_HYTYKBGX7.1.GCGTAGTA_CTAGTCGA.unmapped.1.fastq.gz,P40-Cgfp-S40-B-A03_S003_L001_R1_001.fastq.gz
1_HYTYKBGX7.1.GCGTAGTA_CTAGTCGA.unmapped.2.fastq.gz,P40-Cgfp-S40-B-A03_S003_L001_R2_001.fastq.gz
2_HYTYKBGX7.2.GCGTAGTA_CTAGTCGA.unmapped.1.fastq.gz,P40-Cgfp-S40-B-A03_S003_L002_R1_001.fastq.gz
2_HYTYKBGX7.2.GCGTAGTA_CTAGTCGA.unmapped.2.fastq.gz,P40-Cgfp-S40-B-A03_S003_L002_R2_001.fastq.gz
3_HYTYKBGX7.3.GCGTAGTA_CTAGTCGA.unmapped.1.fastq.gz,P40-Cgfp-S40-B-A03_S003_L003_R1_001.fastq.gz
3_HYTYKBGX7.3.GCGTAGTA_CTAGTCGA.unmapped.2.fastq.gz,P40-Cgfp-S40-B-A03_S003_L003_R2_001.fastq.gz
4_HYTYKBGX7.4.GCGTAGTA_CTAGTCGA.unmapped.1.fastq.gz,P40-Cgfp-S40-B-A03_S003_L004_R1_001.fastq.gz
4_HYTYKBGX7.4.GCGTAGTA_CTAGTCGA.unmapped.2.fastq.gz,P40-Cgfp-S40-B-A03_S003_L004_R2_001.fastq.gz
1_HYTYKBGX7.1.CGGAGCCT_CTAGTCGA.unmapped.1.fastq.gz,P40-Cfkn-S41-B-A04_S004_L001_R1_001.fastq.gz
1_HYTYKBGX7.1.CGGAGCCT_CTAGTCGA.unmapped.2.fastq.gz,P40-Cfkn-S41-B-A04_S004_L001_R2_001.fastq.gz
2_HYTYKBGX7.2.CGGAGCCT_CTAGTCGA.unmapped.1.fastq.gz,P40-Cfkn-S41-B-A04_S004_L002_R1_001.fastq.gz
2_HYTYKBGX7.2.CGGAGCCT_CTAGTCGA.unmapped.2.fastq.gz,P40-Cfkn-S41-B-A04_S004_L002_R2_001.fastq.gz
3_HYTYKBGX7.3.CGGAGCCT_CTAGTCGA.unmapped.1.fastq.gz,P40-Cfkn-S41-B-A04_S004_L003_R1_001.fastq.gz
3_HYTYKBGX7.3.CGGAGCCT_CTAGTCGA.unmapped.2.fastq.gz,P40-Cfkn-S41-B-A04_S004_L003_R2_001.fastq.gz
4_HYTYKBGX7.4.CGGAGCCT_CTAGTCGA.unmapped.1.fastq.gz,P40-Cfkn-S41-B-A04_S004_L004_R1_001.fastq.gz
4_HYTYKBGX7.4.CGGAGCCT_CTAGTCGA.unmapped.2.fastq.gz,P40-Cfkn-S41-B-A04_S004_L004_R2_001.fastq.gz
1_HYTYKBGX7.1.TACGCTGC_CTAGTCGA.unmapped.1.fastq.gz,P20-Cfkn-S48-B-A05_S005_L001_R1_001.fastq.gz
1_HYTYKBGX7.1.TACGCTGC_CTAGTCGA.unmapped.2.fastq.gz,P20-Cfkn-S48-B-A05_S005_L001_R2_001.fastq.gz
2_HYTYKBGX7.2.TACGCTGC_CTAGTCGA.unmapped.1.fastq.gz,P20-Cfkn-S48-B-A05_S005_L002_R1_001.fastq.gz
2_HYTYKBGX7.2.TACGCTGC_CTAGTCGA.unmapped.2.fastq.gz,P20-Cfkn-S48-B-A05_S005_L002_R2_001.fastq.gz
3_HYTYKBGX7.3.TACGCTGC_CTAGTCGA.unmapped.1.fastq.gz,P20-Cfkn-S48-B-A05_S005_L003_R1_001.fastq.gz
3_HYTYKBGX7.3.TACGCTGC_CTAGTCGA.unmapped.2.fastq.gz,P20-Cfkn-S48-B-A05_S005_L003_R2_001.fastq.gz
4_HYTYKBGX7.4.TACGCTGC_CTAGTCGA.unmapped.1.fastq.gz,P20-Cfkn-S48-B-A05_S005_L004_R1_001.fastq.gz
4_HYTYKBGX7.4.TACGCTGC_CTAGTCGA.unmapped.2.fastq.gz,P20-Cfkn-S48-B-A05_S005_L004_R2_001.fastq.gz
1_HYTYKBGX7.1.ATGCGCAG_CTAGTCGA.unmapped.1.fastq.gz,P20-Cgfp-S49-B-A06_S006_L001_R1_001.fastq.gz
1_HYTYKBGX7.1.ATGCGCAG_CTAGTCGA.unmapped.2.fastq.gz,P20-Cgfp-S49-B-A06_S006_L001_R2_001.fastq.gz
2_HYTYKBGX7.2.ATGCGCAG_CTAGTCGA.unmapped.1.fastq.gz,P20-Cgfp-S49-B-A06_S006_L002_R1_001.fastq.gz
2_HYTYKBGX7.2.ATGCGCAG_CTAGTCGA.unmapped.2.fastq.gz,P20-Cgfp-S49-B-A06_S006_L002_R2_001.fastq.gz
3_HYTYKBGX7.3.ATGCGCAG_CTAGTCGA.unmapped.1.fastq.gz,P20-Cgfp-S49-B-A06_S006_L003_R1_001.fastq.gz
3_HYTYKBGX7.3.ATGCGCAG_CTAGTCGA.unmapped.2.fastq.gz,P20-Cgfp-S49-B-A06_S006_L003_R2_001.fastq.gz
4_HYTYKBGX7.4.ATGCGCAG_CTAGTCGA.unmapped.1.fastq.gz,P20-Cgfp-S49-B-A06_S006_L004_R1_001.fastq.gz
4_HYTYKBGX7.4.ATGCGCAG_CTAGTCGA.unmapped.2.fastq.gz,P20-Cgfp-S49-B-A06_S006_L004_R2_001.fastq.gz
1_HYTYKBGX7.1.TAGCGCTC_CTAGTCGA.unmapped.1.fastq.gz,P20-Cgfp-S51-B-A07_S007_L001_R1_001.fastq.gz
1_HYTYKBGX7.1.TAGCGCTC_CTAGTCGA.unmapped.2.fastq.gz,P20-Cgfp-S51-B-A07_S007_L001_R2_001.fastq.gz
2_HYTYKBGX7.2.TAGCGCTC_CTAGTCGA.unmapped.1.fastq.gz,P20-Cgfp-S51-B-A07_S007_L002_R1_001.fastq.gz
2_HYTYKBGX7.2.TAGCGCTC_CTAGTCGA.unmapped.2.fastq.gz,P20-Cgfp-S51-B-A07_S007_L002_R2_001.fastq.gz
3_HYTYKBGX7.3.TAGCGCTC_CTAGTCGA.unmapped.1.fastq.gz,P20-Cgfp-S51-B-A07_S007_L003_R1_001.fastq.gz
3_HYTYKBGX7.3.TAGCGCTC_CTAGTCGA.unmapped.2.fastq.gz,P20-Cgfp-S51-B-A07_S007_L003_R2_001.fastq.gz
4_HYTYKBGX7.4.TAGCGCTC_CTAGTCGA.unmapped.1.fastq.gz,P20-Cgfp-S51-B-A07_S007_L004_R1_001.fastq.gz
4_HYTYKBGX7.4.TAGCGCTC_CTAGTCGA.unmapped.2.fastq.gz,P20-Cgfp-S51-B-A07_S007_L004_R2_001.fastq.gz
1_HYTYKBGX7.1.ACTGAGCG_CTAGTCGA.unmapped.1.fastq.gz,P20-Cfkn-S64-B-A08_S008_L001_R1_001.fastq.gz
1_HYTYKBGX7.1.ACTGAGCG_CTAGTCGA.unmapped.2.fastq.gz,P20-Cfkn-S64-B-A08_S008_L001_R2_001.fastq.gz
2_HYTYKBGX7.2.ACTGAGCG_CTAGTCGA.unmapped.1.fastq.gz,P20-Cfkn-S64-B-A08_S008_L002_R1_001.fastq.gz
2_HYTYKBGX7.2.ACTGAGCG_CTAGTCGA.unmapped.2.fastq.gz,P20-Cfkn-S64-B-A08_S008_L002_R2_001.fastq.gz
3_HYTYKBGX7.3.ACTGAGCG_CTAGTCGA.unmapped.1.fastq.gz,P20-Cfkn-S64-B-A08_S008_L003_R1_001.fastq.gz
3_HYTYKBGX7.3.ACTGAGCG_CTAGTCGA.unmapped.2.fastq.gz,P20-Cfkn-S64-B-A08_S008_L003_R2_001.fastq.gz
4_HYTYKBGX7.4.ACTGAGCG_CTAGTCGA.unmapped.1.fastq.gz,P20-Cfkn-S64-B-A08_S008_L004_R1_001.fastq.gz
4_HYTYKBGX7.4.ACTGAGCG_CTAGTCGA.unmapped.2.fastq.gz,P20-Cfkn-S64-B-A08_S008_L004_R2_001.fastq.gz
1_HYTYKBGX7.1.CCTAAGAC_CTAGTCGA.unmapped.1.fastq.gz,P70-Cfkn-S68-B-A09_S009_L001_R1_001.fastq.gz
1_HYTYKBGX7.1.CCTAAGAC_CTAGTCGA.unmapped.2.fastq.gz,P70-Cfkn-S68-B-A09_S009_L001_R2_001.fastq.gz
2_HYTYKBGX7.2.CCTAAGAC_CTAGTCGA.unmapped.1.fastq.gz,P70-Cfkn-S68-B-A09_S009_L002_R1_001.fastq.gz
2_HYTYKBGX7.2.CCTAAGAC_CTAGTCGA.unmapped.2.fastq.gz,P70-Cfkn-S68-B-A09_S009_L002_R2_001.fastq.gz
3_HYTYKBGX7.3.CCTAAGAC_CTAGTCGA.unmapped.1.fastq.gz,P70-Cfkn-S68-B-A09_S009_L003_R1_001.fastq.gz
3_HYTYKBGX7.3.CCTAAGAC_CTAGTCGA.unmapped.2.fastq.gz,P70-Cfkn-S68-B-A09_S009_L003_R2_001.fastq.gz
4_HYTYKBGX7.4.CCTAAGAC_CTAGTCGA.unmapped.1.fastq.gz,P70-Cfkn-S68-B-A09_S009_L004_R1_001.fastq.gz
4_HYTYKBGX7.4.CCTAAGAC_CTAGTCGA.unmapped.2.fastq.gz,P70-Cfkn-S68-B-A09_S009_L004_R2_001.fastq.gz
1_HYTYKBGX7.1.CGATCAGT_CTAGTCGA.unmapped.1.fastq.gz,P70-Cgfp-S69-B-A10_S010_L001_R1_001.fastq.gz
1_HYTYKBGX7.1.CGATCAGT_CTAGTCGA.unmapped.2.fastq.gz,P70-Cgfp-S69-B-A10_S010_L001_R2_001.fastq.gz
2_HYTYKBGX7.2.CGATCAGT_CTAGTCGA.unmapped.1.fastq.gz,P70-Cgfp-S69-B-A10_S010_L002_R1_001.fastq.gz
2_HYTYKBGX7.2.CGATCAGT_CTAGTCGA.unmapped.2.fastq.gz,P70-Cgfp-S69-B-A10_S010_L002_R2_001.fastq.gz
3_HYTYKBGX7.3.CGATCAGT_CTAGTCGA.unmapped.1.fastq.gz,P70-Cgfp-S69-B-A10_S010_L003_R1_001.fastq.gz
3_HYTYKBGX7.3.CGATCAGT_CTAGTCGA.unmapped.2.fastq.gz,P70-Cgfp-S69-B-A10_S010_L003_R2_001.fastq.gz
4_HYTYKBGX7.4.CGATCAGT_CTAGTCGA.unmapped.1.fastq.gz,P70-Cgfp-S69-B-A10_S010_L004_R1_001.fastq.gz
4_HYTYKBGX7.4.CGATCAGT_CTAGTCGA.unmapped.2.fastq.gz,P70-Cgfp-S69-B-A10_S010_L004_R2_001.fastq.gz
1_HYTYKBGX7.1.TGCAGCTA_CTAGTCGA.unmapped.1.fastq.gz,P70-Cfkn-S70-B-A11_S011_L001_R1_001.fastq.gz
1_HYTYKBGX7.1.TGCAGCTA_CTAGTCGA.unmapped.2.fastq.gz,P70-Cfkn-S70-B-A11_S011_L001_R2_001.fastq.gz
2_HYTYKBGX7.2.TGCAGCTA_CTAGTCGA.unmapped.1.fastq.gz,P70-Cfkn-S70-B-A11_S011_L002_R1_001.fastq.gz
2_HYTYKBGX7.2.TGCAGCTA_CTAGTCGA.unmapped.2.fastq.gz,P70-Cfkn-S70-B-A11_S011_L002_R2_001.fastq.gz
3_HYTYKBGX7.3.TGCAGCTA_CTAGTCGA.unmapped.1.fastq.gz,P70-Cfkn-S70-B-A11_S011_L003_R1_001.fastq.gz
3_HYTYKBGX7.3.TGCAGCTA_CTAGTCGA.unmapped.2.fastq.gz,P70-Cfkn-S70-B-A11_S011_L003_R2_001.fastq.gz
4_HYTYKBGX7.4.TGCAGCTA_CTAGTCGA.unmapped.1.fastq.gz,P70-Cfkn-S70-B-A11_S011_L004_R1_001.fastq.gz
4_HYTYKBGX7.4.TGCAGCTA_CTAGTCGA.unmapped.2.fastq.gz,P70-Cfkn-S70-B-A11_S011_L004_R2_001.fastq.gz
1_HYTYKBGX7.1.TCGACGTC_CTAGTCGA.unmapped.1.fastq.gz,P70-Cgfp-S71-B-A12_S012_L001_R1_001.fastq.gz
1_HYTYKBGX7.1.TCGACGTC_CTAGTCGA.unmapped.2.fastq.gz,P70-Cgfp-S71-B-A12_S012_L001_R2_001.fastq.gz
2_HYTYKBGX7.2.TCGACGTC_CTAGTCGA.unmapped.1.fastq.gz,P70-Cgfp-S71-B-A12_S012_L002_R1_001.fastq.gz
2_HYTYKBGX7.2.TCGACGTC_CTAGTCGA.unmapped.2.fastq.gz,P70-Cgfp-S71-B-A12_S012_L002_R2_001.fastq.gz
3_HYTYKBGX7.3.TCGACGTC_CTAGTCGA.unmapped.1.fastq.gz,P70-Cgfp-S71-B-A12_S012_L003_R1_001.fastq.gz
3_HYTYKBGX7.3.TCGACGTC_CTAGTCGA.unmapped.2.fastq.gz,P70-Cgfp-S71-B-A12_S012_L003_R2_001.fastq.gz
4_HYTYKBGX7.4.TCGACGTC_CTAGTCGA.unmapped.1.fastq.gz,P70-Cgfp-S71-B-A12_S012_L004_R1_001.fastq.gz
4_HYTYKBGX7.4.TCGACGTC_CTAGTCGA.unmapped.2.fastq.gz,P70-Cgfp-S71-B-A12_S012_L004_R2_001.fastq.gz
1_HYTYKBGX7.1.ACTCGCTA_AGCTAGAA.unmapped.1.fastq.gz,P20-Cgfp-S2-A-B01_S013_L001_R1_001.fastq.gz
1_HYTYKBGX7.1.ACTCGCTA_AGCTAGAA.unmapped.2.fastq.gz,P20-Cgfp-S2-A-B01_S013_L001_R2_001.fastq.gz
2_HYTYKBGX7.2.ACTCGCTA_AGCTAGAA.unmapped.1.fastq.gz,P20-Cgfp-S2-A-B01_S013_L002_R1_001.fastq.gz
2_HYTYKBGX7.2.ACTCGCTA_AGCTAGAA.unmapped.2.fastq.gz,P20-Cgfp-S2-A-B01_S013_L002_R2_001.fastq.gz
3_HYTYKBGX7.3.ACTCGCTA_AGCTAGAA.unmapped.1.fastq.gz,P20-Cgfp-S2-A-B01_S013_L003_R1_001.fastq.gz
3_HYTYKBGX7.3.ACTCGCTA_AGCTAGAA.unmapped.2.fastq.gz,P20-Cgfp-S2-A-B01_S013_L003_R2_001.fastq.gz
4_HYTYKBGX7.4.ACTCGCTA_AGCTAGAA.unmapped.1.fastq.gz,P20-Cgfp-S2-A-B01_S013_L004_R1_001.fastq.gz
4_HYTYKBGX7.4.ACTCGCTA_AGCTAGAA.unmapped.2.fastq.gz,P20-Cgfp-S2-A-B01_S013_L004_R2_001.fastq.gz
1_HYTYKBGX7.1.GGAGCTAC_AGCTAGAA.unmapped.1.fastq.gz,P20-Cfkn-S3-A-B02_S014_L001_R1_001.fastq.gz
1_HYTYKBGX7.1.GGAGCTAC_AGCTAGAA.unmapped.2.fastq.gz,P20-Cfkn-S3-A-B02_S014_L001_R2_001.fastq.gz
2_HYTYKBGX7.2.GGAGCTAC_AGCTAGAA.unmapped.1.fastq.gz,P20-Cfkn-S3-A-B02_S014_L002_R1_001.fastq.gz
2_HYTYKBGX7.2.GGAGCTAC_AGCTAGAA.unmapped.2.fastq.gz,P20-Cfkn-S3-A-B02_S014_L002_R2_001.fastq.gz
3_HYTYKBGX7.3.GGAGCTAC_AGCTAGAA.unmapped.1.fastq.gz,P20-Cfkn-S3-A-B02_S014_L003_R1_001.fastq.gz
3_HYTYKBGX7.3.GGAGCTAC_AGCTAGAA.unmapped.2.fastq.gz,P20-Cfkn-S3-A-B02_S014_L003_R2_001.fastq.gz
4_HYTYKBGX7.4.GGAGCTAC_AGCTAGAA.unmapped.1.fastq.gz,P20-Cfkn-S3-A-B02_S014_L004_R1_001.fastq.gz
4_HYTYKBGX7.4.GGAGCTAC_AGCTAGAA.unmapped.2.fastq.gz,P20-Cfkn-S3-A-B02_S014_L004_R2_001.fastq.gz
1_HYTYKBGX7.1.GCGTAGTA_AGCTAGAA.unmapped.1.fastq.gz,P20-Cgfp-S4-A-B03_S015_L001_R1_001.fastq.gz
1_HYTYKBGX7.1.GCGTAGTA_AGCTAGAA.unmapped.2.fastq.gz,P20-Cgfp-S4-A-B03_S015_L001_R2_001.fastq.gz
2_HYTYKBGX7.2.GCGTAGTA_AGCTAGAA.unmapped.1.fastq.gz,P20-Cgfp-S4-A-B03_S015_L002_R1_001.fastq.gz
2_HYTYKBGX7.2.GCGTAGTA_AGCTAGAA.unmapped.2.fastq.gz,P20-Cgfp-S4-A-B03_S015_L002_R2_001.fastq.gz
3_HYTYKBGX7.3.GCGTAGTA_AGCTAGAA.unmapped.1.fastq.gz,P20-Cgfp-S4-A-B03_S015_L003_R1_001.fastq.gz
3_HYTYKBGX7.3.GCGTAGTA_AGCTAGAA.unmapped.2.fastq.gz,P20-Cgfp-S4-A-B03_S015_L003_R2_001.fastq.gz
4_HYTYKBGX7.4.GCGTAGTA_AGCTAGAA.unmapped.1.fastq.gz,P20-Cgfp-S4-A-B03_S015_L004_R1_001.fastq.gz
4_HYTYKBGX7.4.GCGTAGTA_AGCTAGAA.unmapped.2.fastq.gz,P20-Cgfp-S4-A-B03_S015_L004_R2_001.fastq.gz
1_HYTYKBGX7.1.CGGAGCCT_AGCTAGAA.unmapped.1.fastq.gz,P20-Cfkn-S5-A-B04_S016_L001_R1_001.fastq.gz
1_HYTYKBGX7.1.CGGAGCCT_AGCTAGAA.unmapped.2.fastq.gz,P20-Cfkn-S5-A-B04_S016_L001_R2_001.fastq.gz
2_HYTYKBGX7.2.CGGAGCCT_AGCTAGAA.unmapped.1.fastq.gz,P20-Cfkn-S5-A-B04_S016_L002_R1_001.fastq.gz
2_HYTYKBGX7.2.CGGAGCCT_AGCTAGAA.unmapped.2.fastq.gz,P20-Cfkn-S5-A-B04_S016_L002_R2_001.fastq.gz
3_HYTYKBGX7.3.CGGAGCCT_AGCTAGAA.unmapped.1.fastq.gz,P20-Cfkn-S5-A-B04_S016_L003_R1_001.fastq.gz
3_HYTYKBGX7.3.CGGAGCCT_AGCTAGAA.unmapped.2.fastq.gz,P20-Cfkn-S5-A-B04_S016_L003_R2_001.fastq.gz
4_HYTYKBGX7.4.CGGAGCCT_AGCTAGAA.unmapped.1.fastq.gz,P20-Cfkn-S5-A-B04_S016_L004_R1_001.fastq.gz
4_HYTYKBGX7.4.CGGAGCCT_AGCTAGAA.unmapped.2.fastq.gz,P20-Cfkn-S5-A-B04_S016_L004_R2_001.fastq.gz
1_HYTYKBGX7.1.TACGCTGC_AGCTAGAA.unmapped.1.fastq.gz,P40-Cfkn-S19-A-B05_S017_L001_R1_001.fastq.gz
1_HYTYKBGX7.1.TACGCTGC_AGCTAGAA.unmapped.2.fastq.gz,P40-Cfkn-S19-A-B05_S017_L001_R2_001.fastq.gz
2_HYTYKBGX7.2.TACGCTGC_AGCTAGAA.unmapped.1.fastq.gz,P40-Cfkn-S19-A-B05_S017_L002_R1_001.fastq.gz
2_HYTYKBGX7.2.TACGCTGC_AGCTAGAA.unmapped.2.fastq.gz,P40-Cfkn-S19-A-B05_S017_L002_R2_001.fastq.gz
3_HYTYKBGX7.3.TACGCTGC_AGCTAGAA.unmapped.1.fastq.gz,P40-Cfkn-S19-A-B05_S017_L003_R1_001.fastq.gz
3_HYTYKBGX7.3.TACGCTGC_AGCTAGAA.unmapped.2.fastq.gz,P40-Cfkn-S19-A-B05_S017_L003_R2_001.fastq.gz
4_HYTYKBGX7.4.TACGCTGC_AGCTAGAA.unmapped.1.fastq.gz,P40-Cfkn-S19-A-B05_S017_L004_R1_001.fastq.gz
4_HYTYKBGX7.4.TACGCTGC_AGCTAGAA.unmapped.2.fastq.gz,P40-Cfkn-S19-A-B05_S017_L004_R2_001.fastq.gz
1_HYTYKBGX7.1.ATGCGCAG_AGCTAGAA.unmapped.1.fastq.gz,P40-Cgfp-S20-A-B06_S018_L001_R1_001.fastq.gz
1_HYTYKBGX7.1.ATGCGCAG_AGCTAGAA.unmapped.2.fastq.gz,P40-Cgfp-S20-A-B06_S018_L001_R2_001.fastq.gz
2_HYTYKBGX7.2.ATGCGCAG_AGCTAGAA.unmapped.1.fastq.gz,P40-Cgfp-S20-A-B06_S018_L002_R1_001.fastq.gz
2_HYTYKBGX7.2.ATGCGCAG_AGCTAGAA.unmapped.2.fastq.gz,P40-Cgfp-S20-A-B06_S018_L002_R2_001.fastq.gz
3_HYTYKBGX7.3.ATGCGCAG_AGCTAGAA.unmapped.1.fastq.gz,P40-Cgfp-S20-A-B06_S018_L003_R1_001.fastq.gz
3_HYTYKBGX7.3.ATGCGCAG_AGCTAGAA.unmapped.2.fastq.gz,P40-Cgfp-S20-A-B06_S018_L003_R2_001.fastq.gz
4_HYTYKBGX7.4.ATGCGCAG_AGCTAGAA.unmapped.1.fastq.gz,P40-Cgfp-S20-A-B06_S018_L004_R1_001.fastq.gz
4_HYTYKBGX7.4.ATGCGCAG_AGCTAGAA.unmapped.2.fastq.gz,P40-Cgfp-S20-A-B06_S018_L004_R2_001.fastq.gz
1_HYTYKBGX7.1.TAGCGCTC_AGCTAGAA.unmapped.1.fastq.gz,P40-Cgfp-S26-A-B07_S019_L001_R1_001.fastq.gz
1_HYTYKBGX7.1.TAGCGCTC_AGCTAGAA.unmapped.2.fastq.gz,P40-Cgfp-S26-A-B07_S019_L001_R2_001.fastq.gz
2_HYTYKBGX7.2.TAGCGCTC_AGCTAGAA.unmapped.1.fastq.gz,P40-Cgfp-S26-A-B07_S019_L002_R1_001.fastq.gz
2_HYTYKBGX7.2.TAGCGCTC_AGCTAGAA.unmapped.2.fastq.gz,P40-Cgfp-S26-A-B07_S019_L002_R2_001.fastq.gz
3_HYTYKBGX7.3.TAGCGCTC_AGCTAGAA.unmapped.1.fastq.gz,P40-Cgfp-S26-A-B07_S019_L003_R1_001.fastq.gz
3_HYTYKBGX7.3.TAGCGCTC_AGCTAGAA.unmapped.2.fastq.gz,P40-Cgfp-S26-A-B07_S019_L003_R2_001.fastq.gz
4_HYTYKBGX7.4.TAGCGCTC_AGCTAGAA.unmapped.1.fastq.gz,P40-Cgfp-S26-A-B07_S019_L004_R1_001.fastq.gz
4_HYTYKBGX7.4.TAGCGCTC_AGCTAGAA.unmapped.2.fastq.gz,P40-Cgfp-S26-A-B07_S019_L004_R2_001.fastq.gz
1_HYTYKBGX7.1.ACTGAGCG_AGCTAGAA.unmapped.1.fastq.gz,P40-Cfkn-S27-A-B08_S020_L001_R1_001.fastq.gz
1_HYTYKBGX7.1.ACTGAGCG_AGCTAGAA.unmapped.2.fastq.gz,P40-Cfkn-S27-A-B08_S020_L001_R2_001.fastq.gz
2_HYTYKBGX7.2.ACTGAGCG_AGCTAGAA.unmapped.1.fastq.gz,P40-Cfkn-S27-A-B08_S020_L002_R1_001.fastq.gz
2_HYTYKBGX7.2.ACTGAGCG_AGCTAGAA.unmapped.2.fastq.gz,P40-Cfkn-S27-A-B08_S020_L002_R2_001.fastq.gz
3_HYTYKBGX7.3.ACTGAGCG_AGCTAGAA.unmapped.1.fastq.gz,P40-Cfkn-S27-A-B08_S020_L003_R1_001.fastq.gz
3_HYTYKBGX7.3.ACTGAGCG_AGCTAGAA.unmapped.2.fastq.gz,P40-Cfkn-S27-A-B08_S020_L003_R2_001.fastq.gz
4_HYTYKBGX7.4.ACTGAGCG_AGCTAGAA.unmapped.1.fastq.gz,P40-Cfkn-S27-A-B08_S020_L004_R1_001.fastq.gz
4_HYTYKBGX7.4.ACTGAGCG_AGCTAGAA.unmapped.2.fastq.gz,P40-Cfkn-S27-A-B08_S020_L004_R2_001.fastq.gz
1_HYTYKBGX7.1.CCTAAGAC_AGCTAGAA.unmapped.1.fastq.gz,P40-Cgfp-S28-A-B09_S021_L001_R1_001.fastq.gz
1_HYTYKBGX7.1.CCTAAGAC_AGCTAGAA.unmapped.2.fastq.gz,P40-Cgfp-S28-A-B09_S021_L001_R2_001.fastq.gz
2_HYTYKBGX7.2.CCTAAGAC_AGCTAGAA.unmapped.1.fastq.gz,P40-Cgfp-S28-A-B09_S021_L002_R1_001.fastq.gz
2_HYTYKBGX7.2.CCTAAGAC_AGCTAGAA.unmapped.2.fastq.gz,P40-Cgfp-S28-A-B09_S021_L002_R2_001.fastq.gz
3_HYTYKBGX7.3.CCTAAGAC_AGCTAGAA.unmapped.1.fastq.gz,P40-Cgfp-S28-A-B09_S021_L003_R1_001.fastq.gz
3_HYTYKBGX7.3.CCTAAGAC_AGCTAGAA.unmapped.2.fastq.gz,P40-Cgfp-S28-A-B09_S021_L003_R2_001.fastq.gz
4_HYTYKBGX7.4.CCTAAGAC_AGCTAGAA.unmapped.1.fastq.gz,P40-Cgfp-S28-A-B09_S021_L004_R1_001.fastq.gz
4_HYTYKBGX7.4.CCTAAGAC_AGCTAGAA.unmapped.2.fastq.gz,P40-Cgfp-S28-A-B09_S021_L004_R2_001.fastq.gz
1_HYTYKBGX7.1.CGATCAGT_AGCTAGAA.unmapped.1.fastq.gz,P40-Cfkn-S31-A-B10_S022_L001_R1_001.fastq.gz
1_HYTYKBGX7.1.CGATCAGT_AGCTAGAA.unmapped.2.fastq.gz,P40-Cfkn-S31-A-B10_S022_L001_R2_001.fastq.gz
2_HYTYKBGX7.2.CGATCAGT_AGCTAGAA.unmapped.1.fastq.gz,P40-Cfkn-S31-A-B10_S022_L002_R1_001.fastq.gz
2_HYTYKBGX7.2.CGATCAGT_AGCTAGAA.unmapped.2.fastq.gz,P40-Cfkn-S31-A-B10_S022_L002_R2_001.fastq.gz
3_HYTYKBGX7.3.CGATCAGT_AGCTAGAA.unmapped.1.fastq.gz,P40-Cfkn-S31-A-B10_S022_L003_R1_001.fastq.gz
3_HYTYKBGX7.3.CGATCAGT_AGCTAGAA.unmapped.2.fastq.gz,P40-Cfkn-S31-A-B10_S022_L003_R2_001.fastq.gz
4_HYTYKBGX7.4.CGATCAGT_AGCTAGAA.unmapped.1.fastq.gz,P40-Cfkn-S31-A-B10_S022_L004_R1_001.fastq.gz
4_HYTYKBGX7.4.CGATCAGT_AGCTAGAA.unmapped.2.fastq.gz,P40-Cfkn-S31-A-B10_S022_L004_R2_001.fastq.gz
1_HYTYKBGX7.1.TGCAGCTA_AGCTAGAA.unmapped.1.fastq.gz,P40-Cgfp-S32-A-B11_S023_L001_R1_001.fastq.gz
1_HYTYKBGX7.1.TGCAGCTA_AGCTAGAA.unmapped.2.fastq.gz,P40-Cgfp-S32-A-B11_S023_L001_R2_001.fastq.gz
2_HYTYKBGX7.2.TGCAGCTA_AGCTAGAA.unmapped.1.fastq.gz,P40-Cgfp-S32-A-B11_S023_L002_R1_001.fastq.gz
2_HYTYKBGX7.2.TGCAGCTA_AGCTAGAA.unmapped.2.fastq.gz,P40-Cgfp-S32-A-B11_S023_L002_R2_001.fastq.gz
3_HYTYKBGX7.3.TGCAGCTA_AGCTAGAA.unmapped.1.fastq.gz,P40-Cgfp-S32-A-B11_S023_L003_R1_001.fastq.gz
3_HYTYKBGX7.3.TGCAGCTA_AGCTAGAA.unmapped.2.fastq.gz,P40-Cgfp-S32-A-B11_S023_L003_R2_001.fastq.gz
4_HYTYKBGX7.4.TGCAGCTA_AGCTAGAA.unmapped.1.fastq.gz,P40-Cgfp-S32-A-B11_S023_L004_R1_001.fastq.gz
4_HYTYKBGX7.4.TGCAGCTA_AGCTAGAA.unmapped.2.fastq.gz,P40-Cgfp-S32-A-B11_S023_L004_R2_001.fastq.gz
1_HYTYKBGX7.1.TCGACGTC_AGCTAGAA.unmapped.1.fastq.gz,P40-Cfkn-S33-A-B12_S024_L001_R1_001.fastq.gz
1_HYTYKBGX7.1.TCGACGTC_AGCTAGAA.unmapped.2.fastq.gz,P40-Cfkn-S33-A-B12_S024_L001_R2_001.fastq.gz
2_HYTYKBGX7.2.TCGACGTC_AGCTAGAA.unmapped.1.fastq.gz,P40-Cfkn-S33-A-B12_S024_L002_R1_001.fastq.gz
2_HYTYKBGX7.2.TCGACGTC_AGCTAGAA.unmapped.2.fastq.gz,P40-Cfkn-S33-A-B12_S024_L002_R2_001.fastq.gz
3_HYTYKBGX7.3.TCGACGTC_AGCTAGAA.unmapped.1.fastq.gz,P40-Cfkn-S33-A-B12_S024_L003_R1_001.fastq.gz
3_HYTYKBGX7.3.TCGACGTC_AGCTAGAA.unmapped.2.fastq.gz,P40-Cfkn-S33-A-B12_S024_L003_R2_001.fastq.gz
4_HYTYKBGX7.4.TCGACGTC_AGCTAGAA.unmapped.1.fastq.gz,P40-Cfkn-S33-A-B12_S024_L004_R1_001.fastq.gz
4_HYTYKBGX7.4.TCGACGTC_AGCTAGAA.unmapped.2.fastq.gz,P40-Cfkn-S33-A-B12_S024_L004_R2_001.fastq.gz
1_HYTYKBGX7.1.ACTCGCTA_ACTCTAGG.unmapped.1.fastq.gz,P40-Cgfp-S34-A-C01_S025_L001_R1_001.fastq.gz
1_HYTYKBGX7.1.ACTCGCTA_ACTCTAGG.unmapped.2.fastq.gz,P40-Cgfp-S34-A-C01_S025_L001_R2_001.fastq.gz
2_HYTYKBGX7.2.ACTCGCTA_ACTCTAGG.unmapped.1.fastq.gz,P40-Cgfp-S34-A-C01_S025_L002_R1_001.fastq.gz
2_HYTYKBGX7.2.ACTCGCTA_ACTCTAGG.unmapped.2.fastq.gz,P40-Cgfp-S34-A-C01_S025_L002_R2_001.fastq.gz
3_HYTYKBGX7.3.ACTCGCTA_ACTCTAGG.unmapped.1.fastq.gz,P40-Cgfp-S34-A-C01_S025_L003_R1_001.fastq.gz
3_HYTYKBGX7.3.ACTCGCTA_ACTCTAGG.unmapped.2.fastq.gz,P40-Cgfp-S34-A-C01_S025_L003_R2_001.fastq.gz
4_HYTYKBGX7.4.ACTCGCTA_ACTCTAGG.unmapped.1.fastq.gz,P40-Cgfp-S34-A-C01_S025_L004_R1_001.fastq.gz
4_HYTYKBGX7.4.ACTCGCTA_ACTCTAGG.unmapped.2.fastq.gz,P40-Cgfp-S34-A-C01_S025_L004_R2_001.fastq.gz
1_HYTYKBGX7.1.GGAGCTAC_ACTCTAGG.unmapped.1.fastq.gz,P40-Cfkn-S35-A-C02_S026_L001_R1_001.fastq.gz
1_HYTYKBGX7.1.GGAGCTAC_ACTCTAGG.unmapped.2.fastq.gz,P40-Cfkn-S35-A-C02_S026_L001_R2_001.fastq.gz
2_HYTYKBGX7.2.GGAGCTAC_ACTCTAGG.unmapped.1.fastq.gz,P40-Cfkn-S35-A-C02_S026_L002_R1_001.fastq.gz
2_HYTYKBGX7.2.GGAGCTAC_ACTCTAGG.unmapped.2.fastq.gz,P40-Cfkn-S35-A-C02_S026_L002_R2_001.fastq.gz
3_HYTYKBGX7.3.GGAGCTAC_ACTCTAGG.unmapped.1.fastq.gz,P40-Cfkn-S35-A-C02_S026_L003_R1_001.fastq.gz
3_HYTYKBGX7.3.GGAGCTAC_ACTCTAGG.unmapped.2.fastq.gz,P40-Cfkn-S35-A-C02_S026_L003_R2_001.fastq.gz
4_HYTYKBGX7.4.GGAGCTAC_ACTCTAGG.unmapped.1.fastq.gz,P40-Cfkn-S35-A-C02_S026_L004_R1_001.fastq.gz
4_HYTYKBGX7.4.GGAGCTAC_ACTCTAGG.unmapped.2.fastq.gz,P40-Cfkn-S35-A-C02_S026_L004_R2_001.fastq.gz
1_HYTYKBGX7.1.GCGTAGTA_ACTCTAGG.unmapped.1.fastq.gz,P40-Cfkn-S37-A-C03_S027_L001_R1_001.fastq.gz
1_HYTYKBGX7.1.GCGTAGTA_ACTCTAGG.unmapped.2.fastq.gz,P40-Cfkn-S37-A-C03_S027_L001_R2_001.fastq.gz
2_HYTYKBGX7.2.GCGTAGTA_ACTCTAGG.unmapped.1.fastq.gz,P40-Cfkn-S37-A-C03_S027_L002_R1_001.fastq.gz
2_HYTYKBGX7.2.GCGTAGTA_ACTCTAGG.unmapped.2.fastq.gz,P40-Cfkn-S37-A-C03_S027_L002_R2_001.fastq.gz
3_HYTYKBGX7.3.GCGTAGTA_ACTCTAGG.unmapped.1.fastq.gz,P40-Cfkn-S37-A-C03_S027_L003_R1_001.fastq.gz
3_HYTYKBGX7.3.GCGTAGTA_ACTCTAGG.unmapped.2.fastq.gz,P40-Cfkn-S37-A-C03_S027_L003_R2_001.fastq.gz
4_HYTYKBGX7.4.GCGTAGTA_ACTCTAGG.unmapped.1.fastq.gz,P40-Cfkn-S37-A-C03_S027_L004_R1_001.fastq.gz
4_HYTYKBGX7.4.GCGTAGTA_ACTCTAGG.unmapped.2.fastq.gz,P40-Cfkn-S37-A-C03_S027_L004_R2_001.fastq.gz
1_HYTYKBGX7.1.CGGAGCCT_ACTCTAGG.unmapped.1.fastq.gz,P40-Cgfp-S38-A-C04_S028_L001_R1_001.fastq.gz
1_HYTYKBGX7.1.CGGAGCCT_ACTCTAGG.unmapped.2.fastq.gz,P40-Cgfp-S38-A-C04_S028_L001_R2_001.fastq.gz
2_HYTYKBGX7.2.CGGAGCCT_ACTCTAGG.unmapped.1.fastq.gz,P40-Cgfp-S38-A-C04_S028_L002_R1_001.fastq.gz
2_HYTYKBGX7.2.CGGAGCCT_ACTCTAGG.unmapped.2.fastq.gz,P40-Cgfp-S38-A-C04_S028_L002_R2_001.fastq.gz
3_HYTYKBGX7.3.CGGAGCCT_ACTCTAGG.unmapped.1.fastq.gz,P40-Cgfp-S38-A-C04_S028_L003_R1_001.fastq.gz
3_HYTYKBGX7.3.CGGAGCCT_ACTCTAGG.unmapped.2.fastq.gz,P40-Cgfp-S38-A-C04_S028_L003_R2_001.fastq.gz
4_HYTYKBGX7.4.CGGAGCCT_ACTCTAGG.unmapped.1.fastq.gz,P40-Cgfp-S38-A-C04_S028_L004_R1_001.fastq.gz
4_HYTYKBGX7.4.CGGAGCCT_ACTCTAGG.unmapped.2.fastq.gz,P40-Cgfp-S38-A-C04_S028_L004_R2_001.fastq.gz
1_HYTYKBGX7.1.TACGCTGC_ACTCTAGG.unmapped.1.fastq.gz,P40-Cfkn-S39-A-C05_S029_L001_R1_001.fastq.gz
1_HYTYKBGX7.1.TACGCTGC_ACTCTAGG.unmapped.2.fastq.gz,P40-Cfkn-S39-A-C05_S029_L001_R2_001.fastq.gz
2_HYTYKBGX7.2.TACGCTGC_ACTCTAGG.unmapped.1.fastq.gz,P40-Cfkn-S39-A-C05_S029_L002_R1_001.fastq.gz
2_HYTYKBGX7.2.TACGCTGC_ACTCTAGG.unmapped.2.fastq.gz,P40-Cfkn-S39-A-C05_S029_L002_R2_001.fastq.gz
3_HYTYKBGX7.3.TACGCTGC_ACTCTAGG.unmapped.1.fastq.gz,P40-Cfkn-S39-A-C05_S029_L003_R1_001.fastq.gz
3_HYTYKBGX7.3.TACGCTGC_ACTCTAGG.unmapped.2.fastq.gz,P40-Cfkn-S39-A-C05_S029_L003_R2_001.fastq.gz
4_HYTYKBGX7.4.TACGCTGC_ACTCTAGG.unmapped.1.fastq.gz,P40-Cfkn-S39-A-C05_S029_L004_R1_001.fastq.gz
4_HYTYKBGX7.4.TACGCTGC_ACTCTAGG.unmapped.2.fastq.gz,P40-Cfkn-S39-A-C05_S029_L004_R2_001.fastq.gz
1_HYTYKBGX7.1.ATGCGCAG_ACTCTAGG.unmapped.1.fastq.gz,P40-Cgfp-S40-A-C06_S030_L001_R1_001.fastq.gz
1_HYTYKBGX7.1.ATGCGCAG_ACTCTAGG.unmapped.2.fastq.gz,P40-Cgfp-S40-A-C06_S030_L001_R2_001.fastq.gz
2_HYTYKBGX7.2.ATGCGCAG_ACTCTAGG.unmapped.1.fastq.gz,P40-Cgfp-S40-A-C06_S030_L002_R1_001.fastq.gz
2_HYTYKBGX7.2.ATGCGCAG_ACTCTAGG.unmapped.2.fastq.gz,P40-Cgfp-S40-A-C06_S030_L002_R2_001.fastq.gz
3_HYTYKBGX7.3.ATGCGCAG_ACTCTAGG.unmapped.1.fastq.gz,P40-Cgfp-S40-A-C06_S030_L003_R1_001.fastq.gz
3_HYTYKBGX7.3.ATGCGCAG_ACTCTAGG.unmapped.2.fastq.gz,P40-Cgfp-S40-A-C06_S030_L003_R2_001.fastq.gz
4_HYTYKBGX7.4.ATGCGCAG_ACTCTAGG.unmapped.1.fastq.gz,P40-Cgfp-S40-A-C06_S030_L004_R1_001.fastq.gz
4_HYTYKBGX7.4.ATGCGCAG_ACTCTAGG.unmapped.2.fastq.gz,P40-Cgfp-S40-A-C06_S030_L004_R2_001.fastq.gz
1_HYTYKBGX7.1.TAGCGCTC_ACTCTAGG.unmapped.1.fastq.gz,P40-Cfkn-S41-A-C07_S031_L001_R1_001.fastq.gz
1_HYTYKBGX7.1.TAGCGCTC_ACTCTAGG.unmapped.2.fastq.gz,P40-Cfkn-S41-A-C07_S031_L001_R2_001.fastq.gz
2_HYTYKBGX7.2.TAGCGCTC_ACTCTAGG.unmapped.1.fastq.gz,P40-Cfkn-S41-A-C07_S031_L002_R1_001.fastq.gz
2_HYTYKBGX7.2.TAGCGCTC_ACTCTAGG.unmapped.2.fastq.gz,P40-Cfkn-S41-A-C07_S031_L002_R2_001.fastq.gz
3_HYTYKBGX7.3.TAGCGCTC_ACTCTAGG.unmapped.1.fastq.gz,P40-Cfkn-S41-A-C07_S031_L003_R1_001.fastq.gz
3_HYTYKBGX7.3.TAGCGCTC_ACTCTAGG.unmapped.2.fastq.gz,P40-Cfkn-S41-A-C07_S031_L003_R2_001.fastq.gz
4_HYTYKBGX7.4.TAGCGCTC_ACTCTAGG.unmapped.1.fastq.gz,P40-Cfkn-S41-A-C07_S031_L004_R1_001.fastq.gz
4_HYTYKBGX7.4.TAGCGCTC_ACTCTAGG.unmapped.2.fastq.gz,P40-Cfkn-S41-A-C07_S031_L004_R2_001.fastq.gz
1_HYTYKBGX7.1.ACTGAGCG_ACTCTAGG.unmapped.1.fastq.gz,P70-Cgfp-S43-A-C08_S032_L001_R1_001.fastq.gz
1_HYTYKBGX7.1.ACTGAGCG_ACTCTAGG.unmapped.2.fastq.gz,P70-Cgfp-S43-A-C08_S032_L001_R2_001.fastq.gz
2_HYTYKBGX7.2.ACTGAGCG_ACTCTAGG.unmapped.1.fastq.gz,P70-Cgfp-S43-A-C08_S032_L002_R1_001.fastq.gz
2_HYTYKBGX7.2.ACTGAGCG_ACTCTAGG.unmapped.2.fastq.gz,P70-Cgfp-S43-A-C08_S032_L002_R2_001.fastq.gz
3_HYTYKBGX7.3.ACTGAGCG_ACTCTAGG.unmapped.1.fastq.gz,P70-Cgfp-S43-A-C08_S032_L003_R1_001.fastq.gz
3_HYTYKBGX7.3.ACTGAGCG_ACTCTAGG.unmapped.2.fastq.gz,P70-Cgfp-S43-A-C08_S032_L003_R2_001.fastq.gz
4_HYTYKBGX7.4.ACTGAGCG_ACTCTAGG.unmapped.1.fastq.gz,P70-Cgfp-S43-A-C08_S032_L004_R1_001.fastq.gz
4_HYTYKBGX7.4.ACTGAGCG_ACTCTAGG.unmapped.2.fastq.gz,P70-Cgfp-S43-A-C08_S032_L004_R2_001.fastq.gz
1_HYTYKBGX7.1.CCTAAGAC_ACTCTAGG.unmapped.1.fastq.gz,P70-Cfkn-S44-A-C09_S033_L001_R1_001.fastq.gz
1_HYTYKBGX7.1.CCTAAGAC_ACTCTAGG.unmapped.2.fastq.gz,P70-Cfkn-S44-A-C09_S033_L001_R2_001.fastq.gz
2_HYTYKBGX7.2.CCTAAGAC_ACTCTAGG.unmapped.1.fastq.gz,P70-Cfkn-S44-A-C09_S033_L002_R1_001.fastq.gz
2_HYTYKBGX7.2.CCTAAGAC_ACTCTAGG.unmapped.2.fastq.gz,P70-Cfkn-S44-A-C09_S033_L002_R2_001.fastq.gz
3_HYTYKBGX7.3.CCTAAGAC_ACTCTAGG.unmapped.1.fastq.gz,P70-Cfkn-S44-A-C09_S033_L003_R1_001.fastq.gz
3_HYTYKBGX7.3.CCTAAGAC_ACTCTAGG.unmapped.2.fastq.gz,P70-Cfkn-S44-A-C09_S033_L003_R2_001.fastq.gz
4_HYTYKBGX7.4.CCTAAGAC_ACTCTAGG.unmapped.1.fastq.gz,P70-Cfkn-S44-A-C09_S033_L004_R1_001.fastq.gz
4_HYTYKBGX7.4.CCTAAGAC_ACTCTAGG.unmapped.2.fastq.gz,P70-Cfkn-S44-A-C09_S033_L004_R2_001.fastq.gz
1_HYTYKBGX7.1.CGATCAGT_ACTCTAGG.unmapped.1.fastq.gz,P70-Cfkn-S45-A-C10_S034_L001_R1_001.fastq.gz
1_HYTYKBGX7.1.CGATCAGT_ACTCTAGG.unmapped.2.fastq.gz,P70-Cfkn-S45-A-C10_S034_L001_R2_001.fastq.gz
2_HYTYKBGX7.2.CGATCAGT_ACTCTAGG.unmapped.1.fastq.gz,P70-Cfkn-S45-A-C10_S034_L002_R1_001.fastq.gz
2_HYTYKBGX7.2.CGATCAGT_ACTCTAGG.unmapped.2.fastq.gz,P70-Cfkn-S45-A-C10_S034_L002_R2_001.fastq.gz
3_HYTYKBGX7.3.CGATCAGT_ACTCTAGG.unmapped.1.fastq.gz,P70-Cfkn-S45-A-C10_S034_L003_R1_001.fastq.gz
3_HYTYKBGX7.3.CGATCAGT_ACTCTAGG.unmapped.2.fastq.gz,P70-Cfkn-S45-A-C10_S034_L003_R2_001.fastq.gz
4_HYTYKBGX7.4.CGATCAGT_ACTCTAGG.unmapped.1.fastq.gz,P70-Cfkn-S45-A-C10_S034_L004_R1_001.fastq.gz
4_HYTYKBGX7.4.CGATCAGT_ACTCTAGG.unmapped.2.fastq.gz,P70-Cfkn-S45-A-C10_S034_L004_R2_001.fastq.gz
1_HYTYKBGX7.1.TGCAGCTA_ACTCTAGG.unmapped.1.fastq.gz,P20-Cfkn-S48-A-C11_S035_L001_R1_001.fastq.gz
1_HYTYKBGX7.1.TGCAGCTA_ACTCTAGG.unmapped.2.fastq.gz,P20-Cfkn-S48-A-C11_S035_L001_R2_001.fastq.gz
2_HYTYKBGX7.2.TGCAGCTA_ACTCTAGG.unmapped.1.fastq.gz,P20-Cfkn-S48-A-C11_S035_L002_R1_001.fastq.gz
2_HYTYKBGX7.2.TGCAGCTA_ACTCTAGG.unmapped.2.fastq.gz,P20-Cfkn-S48-A-C11_S035_L002_R2_001.fastq.gz
3_HYTYKBGX7.3.TGCAGCTA_ACTCTAGG.unmapped.1.fastq.gz,P20-Cfkn-S48-A-C11_S035_L003_R1_001.fastq.gz
3_HYTYKBGX7.3.TGCAGCTA_ACTCTAGG.unmapped.2.fastq.gz,P20-Cfkn-S48-A-C11_S035_L003_R2_001.fastq.gz
4_HYTYKBGX7.4.TGCAGCTA_ACTCTAGG.unmapped.1.fastq.gz,P20-Cfkn-S48-A-C11_S035_L004_R1_001.fastq.gz
4_HYTYKBGX7.4.TGCAGCTA_ACTCTAGG.unmapped.2.fastq.gz,P20-Cfkn-S48-A-C11_S035_L004_R2_001.fastq.gz
1_HYTYKBGX7.1.TCGACGTC_ACTCTAGG.unmapped.1.fastq.gz,P20-Cgfp-S49-A-C12_S036_L001_R1_001.fastq.gz
1_HYTYKBGX7.1.TCGACGTC_ACTCTAGG.unmapped.2.fastq.gz,P20-Cgfp-S49-A-C12_S036_L001_R2_001.fastq.gz
2_HYTYKBGX7.2.TCGACGTC_ACTCTAGG.unmapped.1.fastq.gz,P20-Cgfp-S49-A-C12_S036_L002_R1_001.fastq.gz
2_HYTYKBGX7.2.TCGACGTC_ACTCTAGG.unmapped.2.fastq.gz,P20-Cgfp-S49-A-C12_S036_L002_R2_001.fastq.gz
3_HYTYKBGX7.3.TCGACGTC_ACTCTAGG.unmapped.1.fastq.gz,P20-Cgfp-S49-A-C12_S036_L003_R1_001.fastq.gz
3_HYTYKBGX7.3.TCGACGTC_ACTCTAGG.unmapped.2.fastq.gz,P20-Cgfp-S49-A-C12_S036_L003_R2_001.fastq.gz
4_HYTYKBGX7.4.TCGACGTC_ACTCTAGG.unmapped.1.fastq.gz,P20-Cgfp-S49-A-C12_S036_L004_R1_001.fastq.gz
4_HYTYKBGX7.4.TCGACGTC_ACTCTAGG.unmapped.2.fastq.gz,P20-Cgfp-S49-A-C12_S036_L004_R2_001.fastq.gz
1_HYTYKBGX7.1.ACTCGCTA_TCTTACGC.unmapped.1.fastq.gz,P20-Cgfp-S51-A-D01_S037_L001_R1_001.fastq.gz
1_HYTYKBGX7.1.ACTCGCTA_TCTTACGC.unmapped.2.fastq.gz,P20-Cgfp-S51-A-D01_S037_L001_R2_001.fastq.gz
2_HYTYKBGX7.2.ACTCGCTA_TCTTACGC.unmapped.1.fastq.gz,P20-Cgfp-S51-A-D01_S037_L002_R1_001.fastq.gz
2_HYTYKBGX7.2.ACTCGCTA_TCTTACGC.unmapped.2.fastq.gz,P20-Cgfp-S51-A-D01_S037_L002_R2_001.fastq.gz
3_HYTYKBGX7.3.ACTCGCTA_TCTTACGC.unmapped.1.fastq.gz,P20-Cgfp-S51-A-D01_S037_L003_R1_001.fastq.gz
3_HYTYKBGX7.3.ACTCGCTA_TCTTACGC.unmapped.2.fastq.gz,P20-Cgfp-S51-A-D01_S037_L003_R2_001.fastq.gz
4_HYTYKBGX7.4.ACTCGCTA_TCTTACGC.unmapped.1.fastq.gz,P20-Cgfp-S51-A-D01_S037_L004_R1_001.fastq.gz
4_HYTYKBGX7.4.ACTCGCTA_TCTTACGC.unmapped.2.fastq.gz,P20-Cgfp-S51-A-D01_S037_L004_R2_001.fastq.gz
1_HYTYKBGX7.1.GGAGCTAC_TCTTACGC.unmapped.1.fastq.gz,P20-Cfkn-S52-A-D02_S038_L001_R1_001.fastq.gz
1_HYTYKBGX7.1.GGAGCTAC_TCTTACGC.unmapped.2.fastq.gz,P20-Cfkn-S52-A-D02_S038_L001_R2_001.fastq.gz
2_HYTYKBGX7.2.GGAGCTAC_TCTTACGC.unmapped.1.fastq.gz,P20-Cfkn-S52-A-D02_S038_L002_R1_001.fastq.gz
2_HYTYKBGX7.2.GGAGCTAC_TCTTACGC.unmapped.2.fastq.gz,P20-Cfkn-S52-A-D02_S038_L002_R2_001.fastq.gz
3_HYTYKBGX7.3.GGAGCTAC_TCTTACGC.unmapped.1.fastq.gz,P20-Cfkn-S52-A-D02_S038_L003_R1_001.fastq.gz
3_HYTYKBGX7.3.GGAGCTAC_TCTTACGC.unmapped.2.fastq.gz,P20-Cfkn-S52-A-D02_S038_L003_R2_001.fastq.gz
4_HYTYKBGX7.4.GGAGCTAC_TCTTACGC.unmapped.1.fastq.gz,P20-Cfkn-S52-A-D02_S038_L004_R1_001.fastq.gz
4_HYTYKBGX7.4.GGAGCTAC_TCTTACGC.unmapped.2.fastq.gz,P20-Cfkn-S52-A-D02_S038_L004_R2_001.fastq.gz
1_HYTYKBGX7.1.GCGTAGTA_TCTTACGC.unmapped.1.fastq.gz,P20-Cgfp-S55-A-D03_S039_L001_R1_001.fastq.gz
1_HYTYKBGX7.1.GCGTAGTA_TCTTACGC.unmapped.2.fastq.gz,P20-Cgfp-S55-A-D03_S039_L001_R2_001.fastq.gz
2_HYTYKBGX7.2.GCGTAGTA_TCTTACGC.unmapped.1.fastq.gz,P20-Cgfp-S55-A-D03_S039_L002_R1_001.fastq.gz
2_HYTYKBGX7.2.GCGTAGTA_TCTTACGC.unmapped.2.fastq.gz,P20-Cgfp-S55-A-D03_S039_L002_R2_001.fastq.gz
3_HYTYKBGX7.3.GCGTAGTA_TCTTACGC.unmapped.1.fastq.gz,P20-Cgfp-S55-A-D03_S039_L003_R1_001.fastq.gz
3_HYTYKBGX7.3.GCGTAGTA_TCTTACGC.unmapped.2.fastq.gz,P20-Cgfp-S55-A-D03_S039_L003_R2_001.fastq.gz
4_HYTYKBGX7.4.GCGTAGTA_TCTTACGC.unmapped.1.fastq.gz,P20-Cgfp-S55-A-D03_S039_L004_R1_001.fastq.gz
4_HYTYKBGX7.4.GCGTAGTA_TCTTACGC.unmapped.2.fastq.gz,P20-Cgfp-S55-A-D03_S039_L004_R2_001.fastq.gz
1_HYTYKBGX7.1.CGGAGCCT_TCTTACGC.unmapped.1.fastq.gz,P20-Cfkn-S58-A-D04_S040_L001_R1_001.fastq.gz
1_HYTYKBGX7.1.CGGAGCCT_TCTTACGC.unmapped.2.fastq.gz,P20-Cfkn-S58-A-D04_S040_L001_R2_001.fastq.gz
2_HYTYKBGX7.2.CGGAGCCT_TCTTACGC.unmapped.1.fastq.gz,P20-Cfkn-S58-A-D04_S040_L002_R1_001.fastq.gz
2_HYTYKBGX7.2.CGGAGCCT_TCTTACGC.unmapped.2.fastq.gz,P20-Cfkn-S58-A-D04_S040_L002_R2_001.fastq.gz
3_HYTYKBGX7.3.CGGAGCCT_TCTTACGC.unmapped.1.fastq.gz,P20-Cfkn-S58-A-D04_S040_L003_R1_001.fastq.gz
3_HYTYKBGX7.3.CGGAGCCT_TCTTACGC.unmapped.2.fastq.gz,P20-Cfkn-S58-A-D04_S040_L003_R2_001.fastq.gz
4_HYTYKBGX7.4.CGGAGCCT_TCTTACGC.unmapped.1.fastq.gz,P20-Cfkn-S58-A-D04_S040_L004_R1_001.fastq.gz
4_HYTYKBGX7.4.CGGAGCCT_TCTTACGC.unmapped.2.fastq.gz,P20-Cfkn-S58-A-D04_S040_L004_R2_001.fastq.gz
1_HYTYKBGX7.1.TACGCTGC_TCTTACGC.unmapped.1.fastq.gz,P20-Cfkn-S64-A-D05_S041_L001_R1_001.fastq.gz
1_HYTYKBGX7.1.TACGCTGC_TCTTACGC.unmapped.2.fastq.gz,P20-Cfkn-S64-A-D05_S041_L001_R2_001.fastq.gz
2_HYTYKBGX7.2.TACGCTGC_TCTTACGC.unmapped.1.fastq.gz,P20-Cfkn-S64-A-D05_S041_L002_R1_001.fastq.gz
2_HYTYKBGX7.2.TACGCTGC_TCTTACGC.unmapped.2.fastq.gz,P20-Cfkn-S64-A-D05_S041_L002_R2_001.fastq.gz
3_HYTYKBGX7.3.TACGCTGC_TCTTACGC.unmapped.1.fastq.gz,P20-Cfkn-S64-A-D05_S041_L003_R1_001.fastq.gz
3_HYTYKBGX7.3.TACGCTGC_TCTTACGC.unmapped.2.fastq.gz,P20-Cfkn-S64-A-D05_S041_L003_R2_001.fastq.gz
4_HYTYKBGX7.4.TACGCTGC_TCTTACGC.unmapped.1.fastq.gz,P20-Cfkn-S64-A-D05_S041_L004_R1_001.fastq.gz
4_HYTYKBGX7.4.TACGCTGC_TCTTACGC.unmapped.2.fastq.gz,P20-Cfkn-S64-A-D05_S041_L004_R2_001.fastq.gz
1_HYTYKBGX7.1.ATGCGCAG_TCTTACGC.unmapped.1.fastq.gz,P70-Cgfp-S69-A-D06_S042_L001_R1_001.fastq.gz
1_HYTYKBGX7.1.ATGCGCAG_TCTTACGC.unmapped.2.fastq.gz,P70-Cgfp-S69-A-D06_S042_L001_R2_001.fastq.gz
2_HYTYKBGX7.2.ATGCGCAG_TCTTACGC.unmapped.1.fastq.gz,P70-Cgfp-S69-A-D06_S042_L002_R1_001.fastq.gz
2_HYTYKBGX7.2.ATGCGCAG_TCTTACGC.unmapped.2.fastq.gz,P70-Cgfp-S69-A-D06_S042_L002_R2_001.fastq.gz
3_HYTYKBGX7.3.ATGCGCAG_TCTTACGC.unmapped.1.fastq.gz,P70-Cgfp-S69-A-D06_S042_L003_R1_001.fastq.gz
3_HYTYKBGX7.3.ATGCGCAG_TCTTACGC.unmapped.2.fastq.gz,P70-Cgfp-S69-A-D06_S042_L003_R2_001.fastq.gz
4_HYTYKBGX7.4.ATGCGCAG_TCTTACGC.unmapped.1.fastq.gz,P70-Cgfp-S69-A-D06_S042_L004_R1_001.fastq.gz
4_HYTYKBGX7.4.ATGCGCAG_TCTTACGC.unmapped.2.fastq.gz,P70-Cgfp-S69-A-D06_S042_L004_R2_001.fastq.gz
1_HYTYKBGX7.1.TAGCGCTC_TCTTACGC.unmapped.1.fastq.gz,P70-Cfkn-S70-A-D07_S043_L001_R1_001.fastq.gz
1_HYTYKBGX7.1.TAGCGCTC_TCTTACGC.unmapped.2.fastq.gz,P70-Cfkn-S70-A-D07_S043_L001_R2_001.fastq.gz
2_HYTYKBGX7.2.TAGCGCTC_TCTTACGC.unmapped.1.fastq.gz,P70-Cfkn-S70-A-D07_S043_L002_R1_001.fastq.gz
2_HYTYKBGX7.2.TAGCGCTC_TCTTACGC.unmapped.2.fastq.gz,P70-Cfkn-S70-A-D07_S043_L002_R2_001.fastq.gz
3_HYTYKBGX7.3.TAGCGCTC_TCTTACGC.unmapped.1.fastq.gz,P70-Cfkn-S70-A-D07_S043_L003_R1_001.fastq.gz
3_HYTYKBGX7.3.TAGCGCTC_TCTTACGC.unmapped.2.fastq.gz,P70-Cfkn-S70-A-D07_S043_L003_R2_001.fastq.gz
4_HYTYKBGX7.4.TAGCGCTC_TCTTACGC.unmapped.1.fastq.gz,P70-Cfkn-S70-A-D07_S043_L004_R1_001.fastq.gz
4_HYTYKBGX7.4.TAGCGCTC_TCTTACGC.unmapped.2.fastq.gz,P70-Cfkn-S70-A-D07_S043_L004_R2_001.fastq.gz
1_HYTYKBGX7.1.ACTGAGCG_TCTTACGC.unmapped.1.fastq.gz,P70-Cgfp-S71-A-D08_S044_L001_R1_001.fastq.gz
1_HYTYKBGX7.1.ACTGAGCG_TCTTACGC.unmapped.2.fastq.gz,P70-Cgfp-S71-A-D08_S044_L001_R2_001.fastq.gz
2_HYTYKBGX7.2.ACTGAGCG_TCTTACGC.unmapped.1.fastq.gz,P70-Cgfp-S71-A-D08_S044_L002_R1_001.fastq.gz
2_HYTYKBGX7.2.ACTGAGCG_TCTTACGC.unmapped.2.fastq.gz,P70-Cgfp-S71-A-D08_S044_L002_R2_001.fastq.gz
3_HYTYKBGX7.3.ACTGAGCG_TCTTACGC.unmapped.1.fastq.gz,P70-Cgfp-S71-A-D08_S044_L003_R1_001.fastq.gz
3_HYTYKBGX7.3.ACTGAGCG_TCTTACGC.unmapped.2.fastq.gz,P70-Cgfp-S71-A-D08_S044_L003_R2_001.fastq.gz
4_HYTYKBGX7.4.ACTGAGCG_TCTTACGC.unmapped.1.fastq.gz,P70-Cgfp-S71-A-D08_S044_L004_R1_001.fastq.gz
4_HYTYKBGX7.4.ACTGAGCG_TCTTACGC.unmapped.2.fastq.gz,P70-Cgfp-S71-A-D08_S044_L004_R2_001.fastq.gz
1_HYTYKBGX7.1.CCTAAGAC_TCTTACGC.unmapped.1.fastq.gz,P70-Cfkn-S72-A-D09_S045_L001_R1_001.fastq.gz
1_HYTYKBGX7.1.CCTAAGAC_TCTTACGC.unmapped.2.fastq.gz,P70-Cfkn-S72-A-D09_S045_L001_R2_001.fastq.gz
2_HYTYKBGX7.2.CCTAAGAC_TCTTACGC.unmapped.1.fastq.gz,P70-Cfkn-S72-A-D09_S045_L002_R1_001.fastq.gz
2_HYTYKBGX7.2.CCTAAGAC_TCTTACGC.unmapped.2.fastq.gz,P70-Cfkn-S72-A-D09_S045_L002_R2_001.fastq.gz
3_HYTYKBGX7.3.CCTAAGAC_TCTTACGC.unmapped.1.fastq.gz,P70-Cfkn-S72-A-D09_S045_L003_R1_001.fastq.gz
3_HYTYKBGX7.3.CCTAAGAC_TCTTACGC.unmapped.2.fastq.gz,P70-Cfkn-S72-A-D09_S045_L003_R2_001.fastq.gz
4_HYTYKBGX7.4.CCTAAGAC_TCTTACGC.unmapped.1.fastq.gz,P70-Cfkn-S72-A-D09_S045_L004_R1_001.fastq.gz
4_HYTYKBGX7.4.CCTAAGAC_TCTTACGC.unmapped.2.fastq.gz,P70-Cfkn-S72-A-D09_S045_L004_R2_001.fastq.gz
1_HYTYKBGX7.1.CGATCAGT_TCTTACGC.unmapped.1.fastq.gz,P70-Cfkn-S76-A-D10_S046_L001_R1_001.fastq.gz
1_HYTYKBGX7.1.CGATCAGT_TCTTACGC.unmapped.2.fastq.gz,P70-Cfkn-S76-A-D10_S046_L001_R2_001.fastq.gz
2_HYTYKBGX7.2.CGATCAGT_TCTTACGC.unmapped.1.fastq.gz,P70-Cfkn-S76-A-D10_S046_L002_R1_001.fastq.gz
2_HYTYKBGX7.2.CGATCAGT_TCTTACGC.unmapped.2.fastq.gz,P70-Cfkn-S76-A-D10_S046_L002_R2_001.fastq.gz
3_HYTYKBGX7.3.CGATCAGT_TCTTACGC.unmapped.1.fastq.gz,P70-Cfkn-S76-A-D10_S046_L003_R1_001.fastq.gz
3_HYTYKBGX7.3.CGATCAGT_TCTTACGC.unmapped.2.fastq.gz,P70-Cfkn-S76-A-D10_S046_L003_R2_001.fastq.gz
4_HYTYKBGX7.4.CGATCAGT_TCTTACGC.unmapped.1.fastq.gz,P70-Cfkn-S76-A-D10_S046_L004_R1_001.fastq.gz
4_HYTYKBGX7.4.CGATCAGT_TCTTACGC.unmapped.2.fastq.gz,P70-Cfkn-S76-A-D10_S046_L004_R2_001.fastq.gz
1_HYTYKBGX7.1.TGCAGCTA_TCTTACGC.unmapped.1.fastq.gz,P70-Cgfp-S77-A-D11_S047_L001_R1_001.fastq.gz
1_HYTYKBGX7.1.TGCAGCTA_TCTTACGC.unmapped.2.fastq.gz,P70-Cgfp-S77-A-D11_S047_L001_R2_001.fastq.gz
2_HYTYKBGX7.2.TGCAGCTA_TCTTACGC.unmapped.1.fastq.gz,P70-Cgfp-S77-A-D11_S047_L002_R1_001.fastq.gz
2_HYTYKBGX7.2.TGCAGCTA_TCTTACGC.unmapped.2.fastq.gz,P70-Cgfp-S77-A-D11_S047_L002_R2_001.fastq.gz
3_HYTYKBGX7.3.TGCAGCTA_TCTTACGC.unmapped.1.fastq.gz,P70-Cgfp-S77-A-D11_S047_L003_R1_001.fastq.gz
3_HYTYKBGX7.3.TGCAGCTA_TCTTACGC.unmapped.2.fastq.gz,P70-Cgfp-S77-A-D11_S047_L003_R2_001.fastq.gz
4_HYTYKBGX7.4.TGCAGCTA_TCTTACGC.unmapped.1.fastq.gz,P70-Cgfp-S77-A-D11_S047_L004_R1_001.fastq.gz
4_HYTYKBGX7.4.TGCAGCTA_TCTTACGC.unmapped.2.fastq.gz,P70-Cgfp-S77-A-D11_S047_L004_R2_001.fastq.gz
1_HYTYKBGX7.1.TCGACGTC_TCTTACGC.unmapped.1.fastq.gz,P70-Cgfp-S79-A-D12_S048_L001_R1_001.fastq.gz
1_HYTYKBGX7.1.TCGACGTC_TCTTACGC.unmapped.2.fastq.gz,P70-Cgfp-S79-A-D12_S048_L001_R2_001.fastq.gz
2_HYTYKBGX7.2.TCGACGTC_TCTTACGC.unmapped.1.fastq.gz,P70-Cgfp-S79-A-D12_S048_L002_R1_001.fastq.gz
2_HYTYKBGX7.2.TCGACGTC_TCTTACGC.unmapped.2.fastq.gz,P70-Cgfp-S79-A-D12_S048_L002_R2_001.fastq.gz
3_HYTYKBGX7.3.TCGACGTC_TCTTACGC.unmapped.1.fastq.gz,P70-Cgfp-S79-A-D12_S048_L003_R1_001.fastq.gz
3_HYTYKBGX7.3.TCGACGTC_TCTTACGC.unmapped.2.fastq.gz,P70-Cgfp-S79-A-D12_S048_L003_R2_001.fastq.gz
4_HYTYKBGX7.4.TCGACGTC_TCTTACGC.unmapped.1.fastq.gz,P70-Cgfp-S79-A-D12_S048_L004_R1_001.fastq.gz
4_HYTYKBGX7.4.TCGACGTC_TCTTACGC.unmapped.2.fastq.gz,P70-Cgfp-S79-A-D12_S048_L004_R2_001.fastq.gz
1_HYTYKBGX7.1.ACTCGCTA_CTTAATAG.unmapped.1.fastq.gz,P70-Cfkn-S84-A-E01_S049_L001_R1_001.fastq.gz
1_HYTYKBGX7.1.ACTCGCTA_CTTAATAG.unmapped.2.fastq.gz,P70-Cfkn-S84-A-E01_S049_L001_R2_001.fastq.gz
2_HYTYKBGX7.2.ACTCGCTA_CTTAATAG.unmapped.1.fastq.gz,P70-Cfkn-S84-A-E01_S049_L002_R1_001.fastq.gz
2_HYTYKBGX7.2.ACTCGCTA_CTTAATAG.unmapped.2.fastq.gz,P70-Cfkn-S84-A-E01_S049_L002_R2_001.fastq.gz
3_HYTYKBGX7.3.ACTCGCTA_CTTAATAG.unmapped.1.fastq.gz,P70-Cfkn-S84-A-E01_S049_L003_R1_001.fastq.gz
3_HYTYKBGX7.3.ACTCGCTA_CTTAATAG.unmapped.2.fastq.gz,P70-Cfkn-S84-A-E01_S049_L003_R2_001.fastq.gz
4_HYTYKBGX7.4.ACTCGCTA_CTTAATAG.unmapped.1.fastq.gz,P70-Cfkn-S84-A-E01_S049_L004_R1_001.fastq.gz
4_HYTYKBGX7.4.ACTCGCTA_CTTAATAG.unmapped.2.fastq.gz,P70-Cfkn-S84-A-E01_S049_L004_R2_001.fastq.gz
1_HYTYKBGX7.1.GGAGCTAC_CTTAATAG.unmapped.1.fastq.gz,P70-Cgfp-S85-A-E02_S050_L001_R1_001.fastq.gz
1_HYTYKBGX7.1.GGAGCTAC_CTTAATAG.unmapped.2.fastq.gz,P70-Cgfp-S85-A-E02_S050_L001_R2_001.fastq.gz
2_HYTYKBGX7.2.GGAGCTAC_CTTAATAG.unmapped.1.fastq.gz,P70-Cgfp-S85-A-E02_S050_L002_R1_001.fastq.gz
2_HYTYKBGX7.2.GGAGCTAC_CTTAATAG.unmapped.2.fastq.gz,P70-Cgfp-S85-A-E02_S050_L002_R2_001.fastq.gz
3_HYTYKBGX7.3.GGAGCTAC_CTTAATAG.unmapped.1.fastq.gz,P70-Cgfp-S85-A-E02_S050_L003_R1_001.fastq.gz
3_HYTYKBGX7.3.GGAGCTAC_CTTAATAG.unmapped.2.fastq.gz,P70-Cgfp-S85-A-E02_S050_L003_R2_001.fastq.gz
4_HYTYKBGX7.4.GGAGCTAC_CTTAATAG.unmapped.1.fastq.gz,P70-Cgfp-S85-A-E02_S050_L004_R1_001.fastq.gz
4_HYTYKBGX7.4.GGAGCTAC_CTTAATAG.unmapped.2.fastq.gz,P70-Cgfp-S85-A-E02_S050_L004_R2_001.fastq.gz
1_HYTYKBGX7.1.GCGTAGTA_CTTAATAG.unmapped.1.fastq.gz,P70-Cfkn-S86-A-E03_S051_L001_R1_001.fastq.gz
1_HYTYKBGX7.1.GCGTAGTA_CTTAATAG.unmapped.2.fastq.gz,P70-Cfkn-S86-A-E03_S051_L001_R2_001.fastq.gz
2_HYTYKBGX7.2.GCGTAGTA_CTTAATAG.unmapped.1.fastq.gz,P70-Cfkn-S86-A-E03_S051_L002_R1_001.fastq.gz
2_HYTYKBGX7.2.GCGTAGTA_CTTAATAG.unmapped.2.fastq.gz,P70-Cfkn-S86-A-E03_S051_L002_R2_001.fastq.gz
3_HYTYKBGX7.3.GCGTAGTA_CTTAATAG.unmapped.1.fastq.gz,P70-Cfkn-S86-A-E03_S051_L003_R1_001.fastq.gz
3_HYTYKBGX7.3.GCGTAGTA_CTTAATAG.unmapped.2.fastq.gz,P70-Cfkn-S86-A-E03_S051_L003_R2_001.fastq.gz
4_HYTYKBGX7.4.GCGTAGTA_CTTAATAG.unmapped.1.fastq.gz,P70-Cfkn-S86-A-E03_S051_L004_R1_001.fastq.gz
4_HYTYKBGX7.4.GCGTAGTA_CTTAATAG.unmapped.2.fastq.gz,P70-Cfkn-S86-A-E03_S051_L004_R2_001.fastq.gz
1_HYTYKBGX7.1.CGGAGCCT_CTTAATAG.unmapped.1.fastq.gz,P70-Cgfp-S87-A-E04_S052_L001_R1_001.fastq.gz
1_HYTYKBGX7.1.CGGAGCCT_CTTAATAG.unmapped.2.fastq.gz,P70-Cgfp-S87-A-E04_S052_L001_R2_001.fastq.gz
2_HYTYKBGX7.2.CGGAGCCT_CTTAATAG.unmapped.1.fastq.gz,P70-Cgfp-S87-A-E04_S052_L002_R1_001.fastq.gz
2_HYTYKBGX7.2.CGGAGCCT_CTTAATAG.unmapped.2.fastq.gz,P70-Cgfp-S87-A-E04_S052_L002_R2_001.fastq.gz
3_HYTYKBGX7.3.CGGAGCCT_CTTAATAG.unmapped.1.fastq.gz,P70-Cgfp-S87-A-E04_S052_L003_R1_001.fastq.gz
3_HYTYKBGX7.3.CGGAGCCT_CTTAATAG.unmapped.2.fastq.gz,P70-Cgfp-S87-A-E04_S052_L003_R2_001.fastq.gz
4_HYTYKBGX7.4.CGGAGCCT_CTTAATAG.unmapped.1.fastq.gz,P70-Cgfp-S87-A-E04_S052_L004_R1_001.fastq.gz
4_HYTYKBGX7.4.CGGAGCCT_CTTAATAG.unmapped.2.fastq.gz,P70-Cgfp-S87-A-E04_S052_L004_R2_001.fastq.gz
1_HYTYKBGX7.1.TACGCTGC_CTTAATAG.unmapped.1.fastq.gz,P70-Cfkn-S88-A-E05_S053_L001_R1_001.fastq.gz
1_HYTYKBGX7.1.TACGCTGC_CTTAATAG.unmapped.2.fastq.gz,P70-Cfkn-S88-A-E05_S053_L001_R2_001.fastq.gz
2_HYTYKBGX7.2.TACGCTGC_CTTAATAG.unmapped.1.fastq.gz,P70-Cfkn-S88-A-E05_S053_L002_R1_001.fastq.gz
2_HYTYKBGX7.2.TACGCTGC_CTTAATAG.unmapped.2.fastq.gz,P70-Cfkn-S88-A-E05_S053_L002_R2_001.fastq.gz
3_HYTYKBGX7.3.TACGCTGC_CTTAATAG.unmapped.1.fastq.gz,P70-Cfkn-S88-A-E05_S053_L003_R1_001.fastq.gz
3_HYTYKBGX7.3.TACGCTGC_CTTAATAG.unmapped.2.fastq.gz,P70-Cfkn-S88-A-E05_S053_L003_R2_001.fastq.gz
4_HYTYKBGX7.4.TACGCTGC_CTTAATAG.unmapped.1.fastq.gz,P70-Cfkn-S88-A-E05_S053_L004_R1_001.fastq.gz
4_HYTYKBGX7.4.TACGCTGC_CTTAATAG.unmapped.2.fastq.gz,P70-Cfkn-S88-A-E05_S053_L004_R2_001.fastq.gz
1_HYTYKBGX7.1.ATGCGCAG_CTTAATAG.unmapped.1.fastq.gz,P70-Cgfp-S89-A-E06_S054_L001_R1_001.fastq.gz
1_HYTYKBGX7.1.ATGCGCAG_CTTAATAG.unmapped.2.fastq.gz,P70-Cgfp-S89-A-E06_S054_L001_R2_001.fastq.gz
2_HYTYKBGX7.2.ATGCGCAG_CTTAATAG.unmapped.1.fastq.gz,P70-Cgfp-S89-A-E06_S054_L002_R1_001.fastq.gz
2_HYTYKBGX7.2.ATGCGCAG_CTTAATAG.unmapped.2.fastq.gz,P70-Cgfp-S89-A-E06_S054_L002_R2_001.fastq.gz
3_HYTYKBGX7.3.ATGCGCAG_CTTAATAG.unmapped.1.fastq.gz,P70-Cgfp-S89-A-E06_S054_L003_R1_001.fastq.gz
3_HYTYKBGX7.3.ATGCGCAG_CTTAATAG.unmapped.2.fastq.gz,P70-Cgfp-S89-A-E06_S054_L003_R2_001.fastq.gz
4_HYTYKBGX7.4.ATGCGCAG_CTTAATAG.unmapped.1.fastq.gz,P70-Cgfp-S89-A-E06_S054_L004_R1_001.fastq.gz
4_HYTYKBGX7.4.ATGCGCAG_CTTAATAG.unmapped.2.fastq.gz,P70-Cgfp-S89-A-E06_S054_L004_R2_001.fastq.gz
1_HYTYKBGX7.1.TAGCGCTC_CTTAATAG.unmapped.1.fastq.gz,P20-Cfkn-S90-A-E07_S055_L001_R1_001.fastq.gz
1_HYTYKBGX7.1.TAGCGCTC_CTTAATAG.unmapped.2.fastq.gz,P20-Cfkn-S90-A-E07_S055_L001_R2_001.fastq.gz
2_HYTYKBGX7.2.TAGCGCTC_CTTAATAG.unmapped.1.fastq.gz,P20-Cfkn-S90-A-E07_S055_L002_R1_001.fastq.gz
2_HYTYKBGX7.2.TAGCGCTC_CTTAATAG.unmapped.2.fastq.gz,P20-Cfkn-S90-A-E07_S055_L002_R2_001.fastq.gz
3_HYTYKBGX7.3.TAGCGCTC_CTTAATAG.unmapped.1.fastq.gz,P20-Cfkn-S90-A-E07_S055_L003_R1_001.fastq.gz
3_HYTYKBGX7.3.TAGCGCTC_CTTAATAG.unmapped.2.fastq.gz,P20-Cfkn-S90-A-E07_S055_L003_R2_001.fastq.gz
4_HYTYKBGX7.4.TAGCGCTC_CTTAATAG.unmapped.1.fastq.gz,P20-Cfkn-S90-A-E07_S055_L004_R1_001.fastq.gz
4_HYTYKBGX7.4.TAGCGCTC_CTTAATAG.unmapped.2.fastq.gz,P20-Cfkn-S90-A-E07_S055_L004_R2_001.fastq.gz
1_HYTYKBGX7.1.ACTGAGCG_CTTAATAG.unmapped.1.fastq.gz,P20-Cfkn-S91-A-E08_S056_L001_R1_001.fastq.gz
1_HYTYKBGX7.1.ACTGAGCG_CTTAATAG.unmapped.2.fastq.gz,P20-Cfkn-S91-A-E08_S056_L001_R2_001.fastq.gz
2_HYTYKBGX7.2.ACTGAGCG_CTTAATAG.unmapped.1.fastq.gz,P20-Cfkn-S91-A-E08_S056_L002_R1_001.fastq.gz
2_HYTYKBGX7.2.ACTGAGCG_CTTAATAG.unmapped.2.fastq.gz,P20-Cfkn-S91-A-E08_S056_L002_R2_001.fastq.gz
3_HYTYKBGX7.3.ACTGAGCG_CTTAATAG.unmapped.1.fastq.gz,P20-Cfkn-S91-A-E08_S056_L003_R1_001.fastq.gz
3_HYTYKBGX7.3.ACTGAGCG_CTTAATAG.unmapped.2.fastq.gz,P20-Cfkn-S91-A-E08_S056_L003_R2_001.fastq.gz
4_HYTYKBGX7.4.ACTGAGCG_CTTAATAG.unmapped.1.fastq.gz,P20-Cfkn-S91-A-E08_S056_L004_R1_001.fastq.gz
4_HYTYKBGX7.4.ACTGAGCG_CTTAATAG.unmapped.2.fastq.gz,P20-Cfkn-S91-A-E08_S056_L004_R2_001.fastq.gz
1_HYTYKBGX7.1.CCTAAGAC_CTTAATAG.unmapped.1.fastq.gz,P20-Cgfp-S92-A-E09_S057_L001_R1_001.fastq.gz
1_HYTYKBGX7.1.CCTAAGAC_CTTAATAG.unmapped.2.fastq.gz,P20-Cgfp-S92-A-E09_S057_L001_R2_001.fastq.gz
2_HYTYKBGX7.2.CCTAAGAC_CTTAATAG.unmapped.1.fastq.gz,P20-Cgfp-S92-A-E09_S057_L002_R1_001.fastq.gz
2_HYTYKBGX7.2.CCTAAGAC_CTTAATAG.unmapped.2.fastq.gz,P20-Cgfp-S92-A-E09_S057_L002_R2_001.fastq.gz
3_HYTYKBGX7.3.CCTAAGAC_CTTAATAG.unmapped.1.fastq.gz,P20-Cgfp-S92-A-E09_S057_L003_R1_001.fastq.gz
3_HYTYKBGX7.3.CCTAAGAC_CTTAATAG.unmapped.2.fastq.gz,P20-Cgfp-S92-A-E09_S057_L003_R2_001.fastq.gz
4_HYTYKBGX7.4.CCTAAGAC_CTTAATAG.unmapped.1.fastq.gz,P20-Cgfp-S92-A-E09_S057_L004_R1_001.fastq.gz
4_HYTYKBGX7.4.CCTAAGAC_CTTAATAG.unmapped.2.fastq.gz,P20-Cgfp-S92-A-E09_S057_L004_R2_001.fastq.gz
1_HYTYKBGX7.1.CGATCAGT_CTTAATAG.unmapped.1.fastq.gz,A1-1-E10_S058_L001_R1_001.fastq.gz
1_HYTYKBGX7.1.CGATCAGT_CTTAATAG.unmapped.2.fastq.gz,A1-1-E10_S058_L001_R2_001.fastq.gz
2_HYTYKBGX7.2.CGATCAGT_CTTAATAG.unmapped.1.fastq.gz,A1-1-E10_S058_L002_R1_001.fastq.gz
2_HYTYKBGX7.2.CGATCAGT_CTTAATAG.unmapped.2.fastq.gz,A1-1-E10_S058_L002_R2_001.fastq.gz
3_HYTYKBGX7.3.CGATCAGT_CTTAATAG.unmapped.1.fastq.gz,A1-1-E10_S058_L003_R1_001.fastq.gz
3_HYTYKBGX7.3.CGATCAGT_CTTAATAG.unmapped.2.fastq.gz,A1-1-E10_S058_L003_R2_001.fastq.gz
4_HYTYKBGX7.4.CGATCAGT_CTTAATAG.unmapped.1.fastq.gz,A1-1-E10_S058_L004_R1_001.fastq.gz
4_HYTYKBGX7.4.CGATCAGT_CTTAATAG.unmapped.2.fastq.gz,A1-1-E10_S058_L004_R2_001.fastq.gz
1_HYTYKBGX7.1.TGCAGCTA_CTTAATAG.unmapped.1.fastq.gz,A1-2-E11_S059_L001_R1_001.fastq.gz
1_HYTYKBGX7.1.TGCAGCTA_CTTAATAG.unmapped.2.fastq.gz,A1-2-E11_S059_L001_R2_001.fastq.gz
2_HYTYKBGX7.2.TGCAGCTA_CTTAATAG.unmapped.1.fastq.gz,A1-2-E11_S059_L002_R1_001.fastq.gz
2_HYTYKBGX7.2.TGCAGCTA_CTTAATAG.unmapped.2.fastq.gz,A1-2-E11_S059_L002_R2_001.fastq.gz
3_HYTYKBGX7.3.TGCAGCTA_CTTAATAG.unmapped.1.fastq.gz,A1-2-E11_S059_L003_R1_001.fastq.gz
3_HYTYKBGX7.3.TGCAGCTA_CTTAATAG.unmapped.2.fastq.gz,A1-2-E11_S059_L003_R2_001.fastq.gz
4_HYTYKBGX7.4.TGCAGCTA_CTTAATAG.unmapped.1.fastq.gz,A1-2-E11_S059_L004_R1_001.fastq.gz
4_HYTYKBGX7.4.TGCAGCTA_CTTAATAG.unmapped.2.fastq.gz,A1-2-E11_S059_L004_R2_001.fastq.gz
1_HYTYKBGX7.1.TCGACGTC_CTTAATAG.unmapped.1.fastq.gz,A1-3-E12_S060_L001_R1_001.fastq.gz
1_HYTYKBGX7.1.TCGACGTC_CTTAATAG.unmapped.2.fastq.gz,A1-3-E12_S060_L001_R2_001.fastq.gz
2_HYTYKBGX7.2.TCGACGTC_CTTAATAG.unmapped.1.fastq.gz,A1-3-E12_S060_L002_R1_001.fastq.gz
2_HYTYKBGX7.2.TCGACGTC_CTTAATAG.unmapped.2.fastq.gz,A1-3-E12_S060_L002_R2_001.fastq.gz
3_HYTYKBGX7.3.TCGACGTC_CTTAATAG.unmapped.1.fastq.gz,A1-3-E12_S060_L003_R1_001.fastq.gz
3_HYTYKBGX7.3.TCGACGTC_CTTAATAG.unmapped.2.fastq.gz,A1-3-E12_S060_L003_R2_001.fastq.gz
4_HYTYKBGX7.4.TCGACGTC_CTTAATAG.unmapped.1.fastq.gz,A1-3-E12_S060_L004_R1_001.fastq.gz
4_HYTYKBGX7.4.TCGACGTC_CTTAATAG.unmapped.2.fastq.gz,A1-3-E12_S060_L004_R2_001.fastq.gz
1_HYTYKBGX7.1.ACTCGCTA_ATAGCCTT.unmapped.1.fastq.gz,A1-4-F01_S061_L001_R1_001.fastq.gz
1_HYTYKBGX7.1.ACTCGCTA_ATAGCCTT.unmapped.2.fastq.gz,A1-4-F01_S061_L001_R2_001.fastq.gz
2_HYTYKBGX7.2.ACTCGCTA_ATAGCCTT.unmapped.1.fastq.gz,A1-4-F01_S061_L002_R1_001.fastq.gz
2_HYTYKBGX7.2.ACTCGCTA_ATAGCCTT.unmapped.2.fastq.gz,A1-4-F01_S061_L002_R2_001.fastq.gz
3_HYTYKBGX7.3.ACTCGCTA_ATAGCCTT.unmapped.1.fastq.gz,A1-4-F01_S061_L003_R1_001.fastq.gz
3_HYTYKBGX7.3.ACTCGCTA_ATAGCCTT.unmapped.2.fastq.gz,A1-4-F01_S061_L003_R2_001.fastq.gz
4_HYTYKBGX7.4.ACTCGCTA_ATAGCCTT.unmapped.1.fastq.gz,A1-4-F01_S061_L004_R1_001.fastq.gz
4_HYTYKBGX7.4.ACTCGCTA_ATAGCCTT.unmapped.2.fastq.gz,A1-4-F01_S061_L004_R2_001.fastq.gz
1_HYTYKBGX7.1.GGAGCTAC_ATAGCCTT.unmapped.1.fastq.gz,A1-5-F02_S062_L001_R1_001.fastq.gz
1_HYTYKBGX7.1.GGAGCTAC_ATAGCCTT.unmapped.2.fastq.gz,A1-5-F02_S062_L001_R2_001.fastq.gz
2_HYTYKBGX7.2.GGAGCTAC_ATAGCCTT.unmapped.1.fastq.gz,A1-5-F02_S062_L002_R1_001.fastq.gz
2_HYTYKBGX7.2.GGAGCTAC_ATAGCCTT.unmapped.2.fastq.gz,A1-5-F02_S062_L002_R2_001.fastq.gz
3_HYTYKBGX7.3.GGAGCTAC_ATAGCCTT.unmapped.1.fastq.gz,A1-5-F02_S062_L003_R1_001.fastq.gz
3_HYTYKBGX7.3.GGAGCTAC_ATAGCCTT.unmapped.2.fastq.gz,A1-5-F02_S062_L003_R2_001.fastq.gz
4_HYTYKBGX7.4.GGAGCTAC_ATAGCCTT.unmapped.1.fastq.gz,A1-5-F02_S062_L004_R1_001.fastq.gz
4_HYTYKBGX7.4.GGAGCTAC_ATAGCCTT.unmapped.2.fastq.gz,A1-5-F02_S062_L004_R2_001.fastq.gz
1_HYTYKBGX7.1.GCGTAGTA_ATAGCCTT.unmapped.1.fastq.gz,A1-6-F03_S063_L001_R1_001.fastq.gz
1_HYTYKBGX7.1.GCGTAGTA_ATAGCCTT.unmapped.2.fastq.gz,A1-6-F03_S063_L001_R2_001.fastq.gz
2_HYTYKBGX7.2.GCGTAGTA_ATAGCCTT.unmapped.1.fastq.gz,A1-6-F03_S063_L002_R1_001.fastq.gz
2_HYTYKBGX7.2.GCGTAGTA_ATAGCCTT.unmapped.2.fastq.gz,A1-6-F03_S063_L002_R2_001.fastq.gz
3_HYTYKBGX7.3.GCGTAGTA_ATAGCCTT.unmapped.1.fastq.gz,A1-6-F03_S063_L003_R1_001.fastq.gz
3_HYTYKBGX7.3.GCGTAGTA_ATAGCCTT.unmapped.2.fastq.gz,A1-6-F03_S063_L003_R2_001.fastq.gz
4_HYTYKBGX7.4.GCGTAGTA_ATAGCCTT.unmapped.1.fastq.gz,A1-6-F03_S063_L004_R1_001.fastq.gz
4_HYTYKBGX7.4.GCGTAGTA_ATAGCCTT.unmapped.2.fastq.gz,A1-6-F03_S063_L004_R2_001.fastq.gz
1_HYTYKBGX7.1.CGGAGCCT_ATAGCCTT.unmapped.1.fastq.gz,A2-1-F04_S064_L001_R1_001.fastq.gz
1_HYTYKBGX7.1.CGGAGCCT_ATAGCCTT.unmapped.2.fastq.gz,A2-1-F04_S064_L001_R2_001.fastq.gz
2_HYTYKBGX7.2.CGGAGCCT_ATAGCCTT.unmapped.1.fastq.gz,A2-1-F04_S064_L002_R1_001.fastq.gz
2_HYTYKBGX7.2.CGGAGCCT_ATAGCCTT.unmapped.2.fastq.gz,A2-1-F04_S064_L002_R2_001.fastq.gz
3_HYTYKBGX7.3.CGGAGCCT_ATAGCCTT.unmapped.1.fastq.gz,A2-1-F04_S064_L003_R1_001.fastq.gz
3_HYTYKBGX7.3.CGGAGCCT_ATAGCCTT.unmapped.2.fastq.gz,A2-1-F04_S064_L003_R2_001.fastq.gz
4_HYTYKBGX7.4.CGGAGCCT_ATAGCCTT.unmapped.1.fastq.gz,A2-1-F04_S064_L004_R1_001.fastq.gz
4_HYTYKBGX7.4.CGGAGCCT_ATAGCCTT.unmapped.2.fastq.gz,A2-1-F04_S064_L004_R2_001.fastq.gz
1_HYTYKBGX7.1.TACGCTGC_ATAGCCTT.unmapped.1.fastq.gz,A2-2-F05_S065_L001_R1_001.fastq.gz
1_HYTYKBGX7.1.TACGCTGC_ATAGCCTT.unmapped.2.fastq.gz,A2-2-F05_S065_L001_R2_001.fastq.gz
2_HYTYKBGX7.2.TACGCTGC_ATAGCCTT.unmapped.1.fastq.gz,A2-2-F05_S065_L002_R1_001.fastq.gz
2_HYTYKBGX7.2.TACGCTGC_ATAGCCTT.unmapped.2.fastq.gz,A2-2-F05_S065_L002_R2_001.fastq.gz
3_HYTYKBGX7.3.TACGCTGC_ATAGCCTT.unmapped.1.fastq.gz,A2-2-F05_S065_L003_R1_001.fastq.gz
3_HYTYKBGX7.3.TACGCTGC_ATAGCCTT.unmapped.2.fastq.gz,A2-2-F05_S065_L003_R2_001.fastq.gz
4_HYTYKBGX7.4.TACGCTGC_ATAGCCTT.unmapped.1.fastq.gz,A2-2-F05_S065_L004_R1_001.fastq.gz
4_HYTYKBGX7.4.TACGCTGC_ATAGCCTT.unmapped.2.fastq.gz,A2-2-F05_S065_L004_R2_001.fastq.gz
1_HYTYKBGX7.1.ATGCGCAG_ATAGCCTT.unmapped.1.fastq.gz,A2-3-F06_S066_L001_R1_001.fastq.gz
1_HYTYKBGX7.1.ATGCGCAG_ATAGCCTT.unmapped.2.fastq.gz,A2-3-F06_S066_L001_R2_001.fastq.gz
2_HYTYKBGX7.2.ATGCGCAG_ATAGCCTT.unmapped.1.fastq.gz,A2-3-F06_S066_L002_R1_001.fastq.gz
2_HYTYKBGX7.2.ATGCGCAG_ATAGCCTT.unmapped.2.fastq.gz,A2-3-F06_S066_L002_R2_001.fastq.gz
3_HYTYKBGX7.3.ATGCGCAG_ATAGCCTT.unmapped.1.fastq.gz,A2-3-F06_S066_L003_R1_001.fastq.gz
3_HYTYKBGX7.3.ATGCGCAG_ATAGCCTT.unmapped.2.fastq.gz,A2-3-F06_S066_L003_R2_001.fastq.gz
4_HYTYKBGX7.4.ATGCGCAG_ATAGCCTT.unmapped.1.fastq.gz,A2-3-F06_S066_L004_R1_001.fastq.gz
4_HYTYKBGX7.4.ATGCGCAG_ATAGCCTT.unmapped.2.fastq.gz,A2-3-F06_S066_L004_R2_001.fastq.gz
1_HYTYKBGX7.1.TAGCGCTC_ATAGCCTT.unmapped.1.fastq.gz,A2-4-F07_S067_L001_R1_001.fastq.gz
1_HYTYKBGX7.1.TAGCGCTC_ATAGCCTT.unmapped.2.fastq.gz,A2-4-F07_S067_L001_R2_001.fastq.gz
2_HYTYKBGX7.2.TAGCGCTC_ATAGCCTT.unmapped.1.fastq.gz,A2-4-F07_S067_L002_R1_001.fastq.gz
2_HYTYKBGX7.2.TAGCGCTC_ATAGCCTT.unmapped.2.fastq.gz,A2-4-F07_S067_L002_R2_001.fastq.gz
3_HYTYKBGX7.3.TAGCGCTC_ATAGCCTT.unmapped.1.fastq.gz,A2-4-F07_S067_L003_R1_001.fastq.gz
3_HYTYKBGX7.3.TAGCGCTC_ATAGCCTT.unmapped.2.fastq.gz,A2-4-F07_S067_L003_R2_001.fastq.gz
4_HYTYKBGX7.4.TAGCGCTC_ATAGCCTT.unmapped.1.fastq.gz,A2-4-F07_S067_L004_R1_001.fastq.gz
4_HYTYKBGX7.4.TAGCGCTC_ATAGCCTT.unmapped.2.fastq.gz,A2-4-F07_S067_L004_R2_001.fastq.gz
1_HYTYKBGX7.1.ACTGAGCG_ATAGCCTT.unmapped.1.fastq.gz,A2-5-F08_S068_L001_R1_001.fastq.gz
1_HYTYKBGX7.1.ACTGAGCG_ATAGCCTT.unmapped.2.fastq.gz,A2-5-F08_S068_L001_R2_001.fastq.gz
2_HYTYKBGX7.2.ACTGAGCG_ATAGCCTT.unmapped.1.fastq.gz,A2-5-F08_S068_L002_R1_001.fastq.gz
2_HYTYKBGX7.2.ACTGAGCG_ATAGCCTT.unmapped.2.fastq.gz,A2-5-F08_S068_L002_R2_001.fastq.gz
3_HYTYKBGX7.3.ACTGAGCG_ATAGCCTT.unmapped.1.fastq.gz,A2-5-F08_S068_L003_R1_001.fastq.gz
3_HYTYKBGX7.3.ACTGAGCG_ATAGCCTT.unmapped.2.fastq.gz,A2-5-F08_S068_L003_R2_001.fastq.gz
4_HYTYKBGX7.4.ACTGAGCG_ATAGCCTT.unmapped.1.fastq.gz,A2-5-F08_S068_L004_R1_001.fastq.gz
4_HYTYKBGX7.4.ACTGAGCG_ATAGCCTT.unmapped.2.fastq.gz,A2-5-F08_S068_L004_R2_001.fastq.gz
1_HYTYKBGX7.1.CCTAAGAC_ATAGCCTT.unmapped.1.fastq.gz,A2-6-F09_S069_L001_R1_001.fastq.gz
1_HYTYKBGX7.1.CCTAAGAC_ATAGCCTT.unmapped.2.fastq.gz,A2-6-F09_S069_L001_R2_001.fastq.gz
2_HYTYKBGX7.2.CCTAAGAC_ATAGCCTT.unmapped.1.fastq.gz,A2-6-F09_S069_L002_R1_001.fastq.gz
2_HYTYKBGX7.2.CCTAAGAC_ATAGCCTT.unmapped.2.fastq.gz,A2-6-F09_S069_L002_R2_001.fastq.gz
3_HYTYKBGX7.3.CCTAAGAC_ATAGCCTT.unmapped.1.fastq.gz,A2-6-F09_S069_L003_R1_001.fastq.gz
3_HYTYKBGX7.3.CCTAAGAC_ATAGCCTT.unmapped.2.fastq.gz,A2-6-F09_S069_L003_R2_001.fastq.gz
4_HYTYKBGX7.4.CCTAAGAC_ATAGCCTT.unmapped.1.fastq.gz,A2-6-F09_S069_L004_R1_001.fastq.gz
4_HYTYKBGX7.4.CCTAAGAC_ATAGCCTT.unmapped.2.fastq.gz,A2-6-F09_S069_L004_R2_001.fastq.gz
1_HYTYKBGX7.1.CGATCAGT_ATAGCCTT.unmapped.1.fastq.gz,B1-1-F10_S070_L001_R1_001.fastq.gz
1_HYTYKBGX7.1.CGATCAGT_ATAGCCTT.unmapped.2.fastq.gz,B1-1-F10_S070_L001_R2_001.fastq.gz
2_HYTYKBGX7.2.CGATCAGT_ATAGCCTT.unmapped.1.fastq.gz,B1-1-F10_S070_L002_R1_001.fastq.gz
2_HYTYKBGX7.2.CGATCAGT_ATAGCCTT.unmapped.2.fastq.gz,B1-1-F10_S070_L002_R2_001.fastq.gz
3_HYTYKBGX7.3.CGATCAGT_ATAGCCTT.unmapped.1.fastq.gz,B1-1-F10_S070_L003_R1_001.fastq.gz
3_HYTYKBGX7.3.CGATCAGT_ATAGCCTT.unmapped.2.fastq.gz,B1-1-F10_S070_L003_R2_001.fastq.gz
4_HYTYKBGX7.4.CGATCAGT_ATAGCCTT.unmapped.1.fastq.gz,B1-1-F10_S070_L004_R1_001.fastq.gz
4_HYTYKBGX7.4.CGATCAGT_ATAGCCTT.unmapped.2.fastq.gz,B1-1-F10_S070_L004_R2_001.fastq.gz
1_HYTYKBGX7.1.TGCAGCTA_ATAGCCTT.unmapped.1.fastq.gz,B1-2-F11_S071_L001_R1_001.fastq.gz
1_HYTYKBGX7.1.TGCAGCTA_ATAGCCTT.unmapped.2.fastq.gz,B1-2-F11_S071_L001_R2_001.fastq.gz
2_HYTYKBGX7.2.TGCAGCTA_ATAGCCTT.unmapped.1.fastq.gz,B1-2-F11_S071_L002_R1_001.fastq.gz
2_HYTYKBGX7.2.TGCAGCTA_ATAGCCTT.unmapped.2.fastq.gz,B1-2-F11_S071_L002_R2_001.fastq.gz
3_HYTYKBGX7.3.TGCAGCTA_ATAGCCTT.unmapped.1.fastq.gz,B1-2-F11_S071_L003_R1_001.fastq.gz
3_HYTYKBGX7.3.TGCAGCTA_ATAGCCTT.unmapped.2.fastq.gz,B1-2-F11_S071_L003_R2_001.fastq.gz
4_HYTYKBGX7.4.TGCAGCTA_ATAGCCTT.unmapped.1.fastq.gz,B1-2-F11_S071_L004_R1_001.fastq.gz
4_HYTYKBGX7.4.TGCAGCTA_ATAGCCTT.unmapped.2.fastq.gz,B1-2-F11_S071_L004_R2_001.fastq.gz
1_HYTYKBGX7.1.TCGACGTC_ATAGCCTT.unmapped.1.fastq.gz,B1-3-F12_S072_L001_R1_001.fastq.gz
1_HYTYKBGX7.1.TCGACGTC_ATAGCCTT.unmapped.2.fastq.gz,B1-3-F12_S072_L001_R2_001.fastq.gz
2_HYTYKBGX7.2.TCGACGTC_ATAGCCTT.unmapped.1.fastq.gz,B1-3-F12_S072_L002_R1_001.fastq.gz
2_HYTYKBGX7.2.TCGACGTC_ATAGCCTT.unmapped.2.fastq.gz,B1-3-F12_S072_L002_R2_001.fastq.gz
3_HYTYKBGX7.3.TCGACGTC_ATAGCCTT.unmapped.1.fastq.gz,B1-3-F12_S072_L003_R1_001.fastq.gz
3_HYTYKBGX7.3.TCGACGTC_ATAGCCTT.unmapped.2.fastq.gz,B1-3-F12_S072_L003_R2_001.fastq.gz
4_HYTYKBGX7.4.TCGACGTC_ATAGCCTT.unmapped.1.fastq.gz,B1-3-F12_S072_L004_R1_001.fastq.gz
4_HYTYKBGX7.4.TCGACGTC_ATAGCCTT.unmapped.2.fastq.gz,B1-3-F12_S072_L004_R2_001.fastq.gz
1_HYTYKBGX7.1.ACTCGCTA_TAAGGCTC.unmapped.1.fastq.gz,B1-4-G01_S073_L001_R1_001.fastq.gz
1_HYTYKBGX7.1.ACTCGCTA_TAAGGCTC.unmapped.2.fastq.gz,B1-4-G01_S073_L001_R2_001.fastq.gz
2_HYTYKBGX7.2.ACTCGCTA_TAAGGCTC.unmapped.1.fastq.gz,B1-4-G01_S073_L002_R1_001.fastq.gz
2_HYTYKBGX7.2.ACTCGCTA_TAAGGCTC.unmapped.2.fastq.gz,B1-4-G01_S073_L002_R2_001.fastq.gz
3_HYTYKBGX7.3.ACTCGCTA_TAAGGCTC.unmapped.1.fastq.gz,B1-4-G01_S073_L003_R1_001.fastq.gz
3_HYTYKBGX7.3.ACTCGCTA_TAAGGCTC.unmapped.2.fastq.gz,B1-4-G01_S073_L003_R2_001.fastq.gz
4_HYTYKBGX7.4.ACTCGCTA_TAAGGCTC.unmapped.1.fastq.gz,B1-4-G01_S073_L004_R1_001.fastq.gz
4_HYTYKBGX7.4.ACTCGCTA_TAAGGCTC.unmapped.2.fastq.gz,B1-4-G01_S073_L004_R2_001.fastq.gz
1_HYTYKBGX7.1.GGAGCTAC_TAAGGCTC.unmapped.1.fastq.gz,B1-5-G02_S074_L001_R1_001.fastq.gz
1_HYTYKBGX7.1.GGAGCTAC_TAAGGCTC.unmapped.2.fastq.gz,B1-5-G02_S074_L001_R2_001.fastq.gz
2_HYTYKBGX7.2.GGAGCTAC_TAAGGCTC.unmapped.1.fastq.gz,B1-5-G02_S074_L002_R1_001.fastq.gz
2_HYTYKBGX7.2.GGAGCTAC_TAAGGCTC.unmapped.2.fastq.gz,B1-5-G02_S074_L002_R2_001.fastq.gz
3_HYTYKBGX7.3.GGAGCTAC_TAAGGCTC.unmapped.1.fastq.gz,B1-5-G02_S074_L003_R1_001.fastq.gz
3_HYTYKBGX7.3.GGAGCTAC_TAAGGCTC.unmapped.2.fastq.gz,B1-5-G02_S074_L003_R2_001.fastq.gz
4_HYTYKBGX7.4.GGAGCTAC_TAAGGCTC.unmapped.1.fastq.gz,B1-5-G02_S074_L004_R1_001.fastq.gz
4_HYTYKBGX7.4.GGAGCTAC_TAAGGCTC.unmapped.2.fastq.gz,B1-5-G02_S074_L004_R2_001.fastq.gz
1_HYTYKBGX7.1.GCGTAGTA_TAAGGCTC.unmapped.1.fastq.gz,B1-6-G03_S075_L001_R1_001.fastq.gz
1_HYTYKBGX7.1.GCGTAGTA_TAAGGCTC.unmapped.2.fastq.gz,B1-6-G03_S075_L001_R2_001.fastq.gz
2_HYTYKBGX7.2.GCGTAGTA_TAAGGCTC.unmapped.1.fastq.gz,B1-6-G03_S075_L002_R1_001.fastq.gz
2_HYTYKBGX7.2.GCGTAGTA_TAAGGCTC.unmapped.2.fastq.gz,B1-6-G03_S075_L002_R2_001.fastq.gz
3_HYTYKBGX7.3.GCGTAGTA_TAAGGCTC.unmapped.1.fastq.gz,B1-6-G03_S075_L003_R1_001.fastq.gz
3_HYTYKBGX7.3.GCGTAGTA_TAAGGCTC.unmapped.2.fastq.gz,B1-6-G03_S075_L003_R2_001.fastq.gz
4_HYTYKBGX7.4.GCGTAGTA_TAAGGCTC.unmapped.1.fastq.gz,B1-6-G03_S075_L004_R1_001.fastq.gz
4_HYTYKBGX7.4.GCGTAGTA_TAAGGCTC.unmapped.2.fastq.gz,B1-6-G03_S075_L004_R2_001.fastq.gz
1_HYTYKBGX7.1.CGGAGCCT_TAAGGCTC.unmapped.1.fastq.gz,C-R1-G04_S076_L001_R1_001.fastq.gz
1_HYTYKBGX7.1.CGGAGCCT_TAAGGCTC.unmapped.2.fastq.gz,C-R1-G04_S076_L001_R2_001.fastq.gz
2_HYTYKBGX7.2.CGGAGCCT_TAAGGCTC.unmapped.1.fastq.gz,C-R1-G04_S076_L002_R1_001.fastq.gz
2_HYTYKBGX7.2.CGGAGCCT_TAAGGCTC.unmapped.2.fastq.gz,C-R1-G04_S076_L002_R2_001.fastq.gz
3_HYTYKBGX7.3.CGGAGCCT_TAAGGCTC.unmapped.1.fastq.gz,C-R1-G04_S076_L003_R1_001.fastq.gz
3_HYTYKBGX7.3.CGGAGCCT_TAAGGCTC.unmapped.2.fastq.gz,C-R1-G04_S076_L003_R2_001.fastq.gz
4_HYTYKBGX7.4.CGGAGCCT_TAAGGCTC.unmapped.1.fastq.gz,C-R1-G04_S076_L004_R1_001.fastq.gz
4_HYTYKBGX7.4.CGGAGCCT_TAAGGCTC.unmapped.2.fastq.gz,C-R1-G04_S076_L004_R2_001.fastq.gz
1_HYTYKBGX7.1.TACGCTGC_TAAGGCTC.unmapped.1.fastq.gz,C-R2-G05_S077_L001_R1_001.fastq.gz
1_HYTYKBGX7.1.TACGCTGC_TAAGGCTC.unmapped.2.fastq.gz,C-R2-G05_S077_L001_R2_001.fastq.gz
2_HYTYKBGX7.2.TACGCTGC_TAAGGCTC.unmapped.1.fastq.gz,C-R2-G05_S077_L002_R1_001.fastq.gz
2_HYTYKBGX7.2.TACGCTGC_TAAGGCTC.unmapped.2.fastq.gz,C-R2-G05_S077_L002_R2_001.fastq.gz
3_HYTYKBGX7.3.TACGCTGC_TAAGGCTC.unmapped.1.fastq.gz,C-R2-G05_S077_L003_R1_001.fastq.gz
3_HYTYKBGX7.3.TACGCTGC_TAAGGCTC.unmapped.2.fastq.gz,C-R2-G05_S077_L003_R2_001.fastq.gz
4_HYTYKBGX7.4.TACGCTGC_TAAGGCTC.unmapped.1.fastq.gz,C-R2-G05_S077_L004_R1_001.fastq.gz
4_HYTYKBGX7.4.TACGCTGC_TAAGGCTC.unmapped.2.fastq.gz,C-R2-G05_S077_L004_R2_001.fastq.gz
1_HYTYKBGX7.1.ATGCGCAG_TAAGGCTC.unmapped.1.fastq.gz,C-R3-G06_S078_L001_R1_001.fastq.gz
1_HYTYKBGX7.1.ATGCGCAG_TAAGGCTC.unmapped.2.fastq.gz,C-R3-G06_S078_L001_R2_001.fastq.gz
2_HYTYKBGX7.2.ATGCGCAG_TAAGGCTC.unmapped.1.fastq.gz,C-R3-G06_S078_L002_R1_001.fastq.gz
2_HYTYKBGX7.2.ATGCGCAG_TAAGGCTC.unmapped.2.fastq.gz,C-R3-G06_S078_L002_R2_001.fastq.gz
3_HYTYKBGX7.3.ATGCGCAG_TAAGGCTC.unmapped.1.fastq.gz,C-R3-G06_S078_L003_R1_001.fastq.gz
3_HYTYKBGX7.3.ATGCGCAG_TAAGGCTC.unmapped.2.fastq.gz,C-R3-G06_S078_L003_R2_001.fastq.gz
4_HYTYKBGX7.4.ATGCGCAG_TAAGGCTC.unmapped.1.fastq.gz,C-R3-G06_S078_L004_R1_001.fastq.gz
4_HYTYKBGX7.4.ATGCGCAG_TAAGGCTC.unmapped.2.fastq.gz,C-R3-G06_S078_L004_R2_001.fastq.gz
1_HYTYKBGX7.1.TAGCGCTC_TAAGGCTC.unmapped.1.fastq.gz,C-R4-G07_S079_L001_R1_001.fastq.gz
1_HYTYKBGX7.1.TAGCGCTC_TAAGGCTC.unmapped.2.fastq.gz,C-R4-G07_S079_L001_R2_001.fastq.gz
2_HYTYKBGX7.2.TAGCGCTC_TAAGGCTC.unmapped.1.fastq.gz,C-R4-G07_S079_L002_R1_001.fastq.gz
2_HYTYKBGX7.2.TAGCGCTC_TAAGGCTC.unmapped.2.fastq.gz,C-R4-G07_S079_L002_R2_001.fastq.gz
3_HYTYKBGX7.3.TAGCGCTC_TAAGGCTC.unmapped.1.fastq.gz,C-R4-G07_S079_L003_R1_001.fastq.gz
3_HYTYKBGX7.3.TAGCGCTC_TAAGGCTC.unmapped.2.fastq.gz,C-R4-G07_S079_L003_R2_001.fastq.gz
4_HYTYKBGX7.4.TAGCGCTC_TAAGGCTC.unmapped.1.fastq.gz,C-R4-G07_S079_L004_R1_001.fastq.gz
4_HYTYKBGX7.4.TAGCGCTC_TAAGGCTC.unmapped.2.fastq.gz,C-R4-G07_S079_L004_R2_001.fastq.gz
1_HYTYKBGX7.1.ACTGAGCG_TAAGGCTC.unmapped.1.fastq.gz,C-R5-G08_S080_L001_R1_001.fastq.gz
1_HYTYKBGX7.1.ACTGAGCG_TAAGGCTC.unmapped.2.fastq.gz,C-R5-G08_S080_L001_R2_001.fastq.gz
2_HYTYKBGX7.2.ACTGAGCG_TAAGGCTC.unmapped.1.fastq.gz,C-R5-G08_S080_L002_R1_001.fastq.gz
2_HYTYKBGX7.2.ACTGAGCG_TAAGGCTC.unmapped.2.fastq.gz,C-R5-G08_S080_L002_R2_001.fastq.gz
3_HYTYKBGX7.3.ACTGAGCG_TAAGGCTC.unmapped.1.fastq.gz,C-R5-G08_S080_L003_R1_001.fastq.gz
3_HYTYKBGX7.3.ACTGAGCG_TAAGGCTC.unmapped.2.fastq.gz,C-R5-G08_S080_L003_R2_001.fastq.gz
4_HYTYKBGX7.4.ACTGAGCG_TAAGGCTC.unmapped.1.fastq.gz,C-R5-G08_S080_L004_R1_001.fastq.gz
4_HYTYKBGX7.4.ACTGAGCG_TAAGGCTC.unmapped.2.fastq.gz,C-R5-G08_S080_L004_R2_001.fastq.gz
1_HYTYKBGX7.1.CCTAAGAC_TAAGGCTC.unmapped.1.fastq.gz,C-R6-G09_S081_L001_R1_001.fastq.gz
1_HYTYKBGX7.1.CCTAAGAC_TAAGGCTC.unmapped.2.fastq.gz,C-R6-G09_S081_L001_R2_001.fastq.gz
2_HYTYKBGX7.2.CCTAAGAC_TAAGGCTC.unmapped.1.fastq.gz,C-R6-G09_S081_L002_R1_001.fastq.gz
2_HYTYKBGX7.2.CCTAAGAC_TAAGGCTC.unmapped.2.fastq.gz,C-R6-G09_S081_L002_R2_001.fastq.gz
3_HYTYKBGX7.3.CCTAAGAC_TAAGGCTC.unmapped.1.fastq.gz,C-R6-G09_S081_L003_R1_001.fastq.gz
3_HYTYKBGX7.3.CCTAAGAC_TAAGGCTC.unmapped.2.fastq.gz,C-R6-G09_S081_L003_R2_001.fastq.gz
4_HYTYKBGX7.4.CCTAAGAC_TAAGGCTC.unmapped.1.fastq.gz,C-R6-G09_S081_L004_R1_001.fastq.gz
4_HYTYKBGX7.4.CCTAAGAC_TAAGGCTC.unmapped.2.fastq.gz,C-R6-G09_S081_L004_R2_001.fastq.gz
1_HYTYKBGX7.1.CGATCAGT_TAAGGCTC.unmapped.1.fastq.gz,C-L1-G10_S082_L001_R1_001.fastq.gz
1_HYTYKBGX7.1.CGATCAGT_TAAGGCTC.unmapped.2.fastq.gz,C-L1-G10_S082_L001_R2_001.fastq.gz
2_HYTYKBGX7.2.CGATCAGT_TAAGGCTC.unmapped.1.fastq.gz,C-L1-G10_S082_L002_R1_001.fastq.gz
2_HYTYKBGX7.2.CGATCAGT_TAAGGCTC.unmapped.2.fastq.gz,C-L1-G10_S082_L002_R2_001.fastq.gz
3_HYTYKBGX7.3.CGATCAGT_TAAGGCTC.unmapped.1.fastq.gz,C-L1-G10_S082_L003_R1_001.fastq.gz
3_HYTYKBGX7.3.CGATCAGT_TAAGGCTC.unmapped.2.fastq.gz,C-L1-G10_S082_L003_R2_001.fastq.gz
4_HYTYKBGX7.4.CGATCAGT_TAAGGCTC.unmapped.1.fastq.gz,C-L1-G10_S082_L004_R1_001.fastq.gz
4_HYTYKBGX7.4.CGATCAGT_TAAGGCTC.unmapped.2.fastq.gz,C-L1-G10_S082_L004_R2_001.fastq.gz
1_HYTYKBGX7.1.TGCAGCTA_TAAGGCTC.unmapped.1.fastq.gz,C-L2-G11_S083_L001_R1_001.fastq.gz
1_HYTYKBGX7.1.TGCAGCTA_TAAGGCTC.unmapped.2.fastq.gz,C-L2-G11_S083_L001_R2_001.fastq.gz
2_HYTYKBGX7.2.TGCAGCTA_TAAGGCTC.unmapped.1.fastq.gz,C-L2-G11_S083_L002_R1_001.fastq.gz
2_HYTYKBGX7.2.TGCAGCTA_TAAGGCTC.unmapped.2.fastq.gz,C-L2-G11_S083_L002_R2_001.fastq.gz
3_HYTYKBGX7.3.TGCAGCTA_TAAGGCTC.unmapped.1.fastq.gz,C-L2-G11_S083_L003_R1_001.fastq.gz
3_HYTYKBGX7.3.TGCAGCTA_TAAGGCTC.unmapped.2.fastq.gz,C-L2-G11_S083_L003_R2_001.fastq.gz
4_HYTYKBGX7.4.TGCAGCTA_TAAGGCTC.unmapped.1.fastq.gz,C-L2-G11_S083_L004_R1_001.fastq.gz
4_HYTYKBGX7.4.TGCAGCTA_TAAGGCTC.unmapped.2.fastq.gz,C-L2-G11_S083_L004_R2_001.fastq.gz
1_HYTYKBGX7.1.TCGACGTC_TAAGGCTC.unmapped.1.fastq.gz,C-L3-G12_S084_L001_R1_001.fastq.gz
1_HYTYKBGX7.1.TCGACGTC_TAAGGCTC.unmapped.2.fastq.gz,C-L3-G12_S084_L001_R2_001.fastq.gz
2_HYTYKBGX7.2.TCGACGTC_TAAGGCTC.unmapped.1.fastq.gz,C-L3-G12_S084_L002_R1_001.fastq.gz
2_HYTYKBGX7.2.TCGACGTC_TAAGGCTC.unmapped.2.fastq.gz,C-L3-G12_S084_L002_R2_001.fastq.gz
3_HYTYKBGX7.3.TCGACGTC_TAAGGCTC.unmapped.1.fastq.gz,C-L3-G12_S084_L003_R1_001.fastq.gz
3_HYTYKBGX7.3.TCGACGTC_TAAGGCTC.unmapped.2.fastq.gz,C-L3-G12_S084_L003_R2_001.fastq.gz
4_HYTYKBGX7.4.TCGACGTC_TAAGGCTC.unmapped.1.fastq.gz,C-L3-G12_S084_L004_R1_001.fastq.gz
4_HYTYKBGX7.4.TCGACGTC_TAAGGCTC.unmapped.2.fastq.gz,C-L3-G12_S084_L004_R2_001.fastq.gz
1_HYTYKBGX7.1.ACTCGCTA_TCGCATAA.unmapped.1.fastq.gz,C-L4-H01_S085_L001_R1_001.fastq.gz
1_HYTYKBGX7.1.ACTCGCTA_TCGCATAA.unmapped.2.fastq.gz,C-L4-H01_S085_L001_R2_001.fastq.gz
2_HYTYKBGX7.2.ACTCGCTA_TCGCATAA.unmapped.1.fastq.gz,C-L4-H01_S085_L002_R1_001.fastq.gz
2_HYTYKBGX7.2.ACTCGCTA_TCGCATAA.unmapped.2.fastq.gz,C-L4-H01_S085_L002_R2_001.fastq.gz
3_HYTYKBGX7.3.ACTCGCTA_TCGCATAA.unmapped.1.fastq.gz,C-L4-H01_S085_L003_R1_001.fastq.gz
3_HYTYKBGX7.3.ACTCGCTA_TCGCATAA.unmapped.2.fastq.gz,C-L4-H01_S085_L003_R2_001.fastq.gz
4_HYTYKBGX7.4.ACTCGCTA_TCGCATAA.unmapped.1.fastq.gz,C-L4-H01_S085_L004_R1_001.fastq.gz
4_HYTYKBGX7.4.ACTCGCTA_TCGCATAA.unmapped.2.fastq.gz,C-L4-H01_S085_L004_R2_001.fastq.gz
1_HYTYKBGX7.1.GGAGCTAC_TCGCATAA.unmapped.1.fastq.gz,C-L5-H02_S086_L001_R1_001.fastq.gz
1_HYTYKBGX7.1.GGAGCTAC_TCGCATAA.unmapped.2.fastq.gz,C-L5-H02_S086_L001_R2_001.fastq.gz
2_HYTYKBGX7.2.GGAGCTAC_TCGCATAA.unmapped.1.fastq.gz,C-L5-H02_S086_L002_R1_001.fastq.gz
2_HYTYKBGX7.2.GGAGCTAC_TCGCATAA.unmapped.2.fastq.gz,C-L5-H02_S086_L002_R2_001.fastq.gz
3_HYTYKBGX7.3.GGAGCTAC_TCGCATAA.unmapped.1.fastq.gz,C-L5-H02_S086_L003_R1_001.fastq.gz
3_HYTYKBGX7.3.GGAGCTAC_TCGCATAA.unmapped.2.fastq.gz,C-L5-H02_S086_L003_R2_001.fastq.gz
4_HYTYKBGX7.4.GGAGCTAC_TCGCATAA.unmapped.1.fastq.gz,C-L5-H02_S086_L004_R1_001.fastq.gz
4_HYTYKBGX7.4.GGAGCTAC_TCGCATAA.unmapped.2.fastq.gz,C-L5-H02_S086_L004_R2_001.fastq.gz
1_HYTYKBGX7.1.GCGTAGTA_TCGCATAA.unmapped.1.fastq.gz,C-L6-H03_S087_L001_R1_001.fastq.gz
1_HYTYKBGX7.1.GCGTAGTA_TCGCATAA.unmapped.2.fastq.gz,C-L6-H03_S087_L001_R2_001.fastq.gz
2_HYTYKBGX7.2.GCGTAGTA_TCGCATAA.unmapped.1.fastq.gz,C-L6-H03_S087_L002_R1_001.fastq.gz
2_HYTYKBGX7.2.GCGTAGTA_TCGCATAA.unmapped.2.fastq.gz,C-L6-H03_S087_L002_R2_001.fastq.gz
3_HYTYKBGX7.3.GCGTAGTA_TCGCATAA.unmapped.1.fastq.gz,C-L6-H03_S087_L003_R1_001.fastq.gz
3_HYTYKBGX7.3.GCGTAGTA_TCGCATAA.unmapped.2.fastq.gz,C-L6-H03_S087_L003_R2_001.fastq.gz
4_HYTYKBGX7.4.GCGTAGTA_TCGCATAA.unmapped.1.fastq.gz,C-L6-H03_S087_L004_R1_001.fastq.gz
4_HYTYKBGX7.4.GCGTAGTA_TCGCATAA.unmapped.2.fastq.gz,C-L6-H03_S087_L004_R2_001.fastq.gz
1_HYTYKBGX7.1.CGGAGCCT_TCGCATAA.unmapped.1.fastq.gz,B2-1-H04_S088_L001_R1_001.fastq.gz
1_HYTYKBGX7.1.CGGAGCCT_TCGCATAA.unmapped.2.fastq.gz,B2-1-H04_S088_L001_R2_001.fastq.gz
2_HYTYKBGX7.2.CGGAGCCT_TCGCATAA.unmapped.1.fastq.gz,B2-1-H04_S088_L002_R1_001.fastq.gz
2_HYTYKBGX7.2.CGGAGCCT_TCGCATAA.unmapped.2.fastq.gz,B2-1-H04_S088_L002_R2_001.fastq.gz
3_HYTYKBGX7.3.CGGAGCCT_TCGCATAA.unmapped.1.fastq.gz,B2-1-H04_S088_L003_R1_001.fastq.gz
3_HYTYKBGX7.3.CGGAGCCT_TCGCATAA.unmapped.2.fastq.gz,B2-1-H04_S088_L003_R2_001.fastq.gz
4_HYTYKBGX7.4.CGGAGCCT_TCGCATAA.unmapped.1.fastq.gz,B2-1-H04_S088_L004_R1_001.fastq.gz
4_HYTYKBGX7.4.CGGAGCCT_TCGCATAA.unmapped.2.fastq.gz,B2-1-H04_S088_L004_R2_001.fastq.gz
1_HYTYKBGX7.1.TACGCTGC_TCGCATAA.unmapped.1.fastq.gz,B2-2-H05_S089_L001_R1_001.fastq.gz
1_HYTYKBGX7.1.TACGCTGC_TCGCATAA.unmapped.2.fastq.gz,B2-2-H05_S089_L001_R2_001.fastq.gz
2_HYTYKBGX7.2.TACGCTGC_TCGCATAA.unmapped.1.fastq.gz,B2-2-H05_S089_L002_R1_001.fastq.gz
2_HYTYKBGX7.2.TACGCTGC_TCGCATAA.unmapped.2.fastq.gz,B2-2-H05_S089_L002_R2_001.fastq.gz
3_HYTYKBGX7.3.TACGCTGC_TCGCATAA.unmapped.1.fastq.gz,B2-2-H05_S089_L003_R1_001.fastq.gz
3_HYTYKBGX7.3.TACGCTGC_TCGCATAA.unmapped.2.fastq.gz,B2-2-H05_S089_L003_R2_001.fastq.gz
4_HYTYKBGX7.4.TACGCTGC_TCGCATAA.unmapped.1.fastq.gz,B2-2-H05_S089_L004_R1_001.fastq.gz
4_HYTYKBGX7.4.TACGCTGC_TCGCATAA.unmapped.2.fastq.gz,B2-2-H05_S089_L004_R2_001.fastq.gz
1_HYTYKBGX7.1.ATGCGCAG_TCGCATAA.unmapped.1.fastq.gz,B2-3-H06_S090_L001_R1_001.fastq.gz
1_HYTYKBGX7.1.ATGCGCAG_TCGCATAA.unmapped.2.fastq.gz,B2-3-H06_S090_L001_R2_001.fastq.gz
2_HYTYKBGX7.2.ATGCGCAG_TCGCATAA.unmapped.1.fastq.gz,B2-3-H06_S090_L002_R1_001.fastq.gz
2_HYTYKBGX7.2.ATGCGCAG_TCGCATAA.unmapped.2.fastq.gz,B2-3-H06_S090_L002_R2_001.fastq.gz
3_HYTYKBGX7.3.ATGCGCAG_TCGCATAA.unmapped.1.fastq.gz,B2-3-H06_S090_L003_R1_001.fastq.gz
3_HYTYKBGX7.3.ATGCGCAG_TCGCATAA.unmapped.2.fastq.gz,B2-3-H06_S090_L003_R2_001.fastq.gz
4_HYTYKBGX7.4.ATGCGCAG_TCGCATAA.unmapped.1.fastq.gz,B2-3-H06_S090_L004_R1_001.fastq.gz
4_HYTYKBGX7.4.ATGCGCAG_TCGCATAA.unmapped.2.fastq.gz,B2-3-H06_S090_L004_R2_001.fastq.gz
1_HYTYKBGX7.1.TAGCGCTC_TCGCATAA.unmapped.1.fastq.gz,B2-4-H07_S091_L001_R1_001.fastq.gz
1_HYTYKBGX7.1.TAGCGCTC_TCGCATAA.unmapped.2.fastq.gz,B2-4-H07_S091_L001_R2_001.fastq.gz
2_HYTYKBGX7.2.TAGCGCTC_TCGCATAA.unmapped.1.fastq.gz,B2-4-H07_S091_L002_R1_001.fastq.gz
2_HYTYKBGX7.2.TAGCGCTC_TCGCATAA.unmapped.2.fastq.gz,B2-4-H07_S091_L002_R2_001.fastq.gz
3_HYTYKBGX7.3.TAGCGCTC_TCGCATAA.unmapped.1.fastq.gz,B2-4-H07_S091_L003_R1_001.fastq.gz
3_HYTYKBGX7.3.TAGCGCTC_TCGCATAA.unmapped.2.fastq.gz,B2-4-H07_S091_L003_R2_001.fastq.gz
4_HYTYKBGX7.4.TAGCGCTC_TCGCATAA.unmapped.1.fastq.gz,B2-4-H07_S091_L004_R1_001.fastq.gz
4_HYTYKBGX7.4.TAGCGCTC_TCGCATAA.unmapped.2.fastq.gz,B2-4-H07_S091_L004_R2_001.fastq.gz
1_HYTYKBGX7.1.ACTGAGCG_TCGCATAA.unmapped.1.fastq.gz,D-L1-H08_S092_L001_R1_001.fastq.gz
1_HYTYKBGX7.1.ACTGAGCG_TCGCATAA.unmapped.2.fastq.gz,D-L1-H08_S092_L001_R2_001.fastq.gz
2_HYTYKBGX7.2.ACTGAGCG_TCGCATAA.unmapped.1.fastq.gz,D-L1-H08_S092_L002_R1_001.fastq.gz
2_HYTYKBGX7.2.ACTGAGCG_TCGCATAA.unmapped.2.fastq.gz,D-L1-H08_S092_L002_R2_001.fastq.gz
3_HYTYKBGX7.3.ACTGAGCG_TCGCATAA.unmapped.1.fastq.gz,D-L1-H08_S092_L003_R1_001.fastq.gz
3_HYTYKBGX7.3.ACTGAGCG_TCGCATAA.unmapped.2.fastq.gz,D-L1-H08_S092_L003_R2_001.fastq.gz
4_HYTYKBGX7.4.ACTGAGCG_TCGCATAA.unmapped.1.fastq.gz,D-L1-H08_S092_L004_R1_001.fastq.gz
4_HYTYKBGX7.4.ACTGAGCG_TCGCATAA.unmapped.2.fastq.gz,D-L1-H08_S092_L004_R2_001.fastq.gz
1_HYTYKBGX7.1.CCTAAGAC_TCGCATAA.unmapped.1.fastq.gz,D-L2-H09_S093_L001_R1_001.fastq.gz
1_HYTYKBGX7.1.CCTAAGAC_TCGCATAA.unmapped.2.fastq.gz,D-L2-H09_S093_L001_R2_001.fastq.gz
2_HYTYKBGX7.2.CCTAAGAC_TCGCATAA.unmapped.1.fastq.gz,D-L2-H09_S093_L002_R1_001.fastq.gz
2_HYTYKBGX7.2.CCTAAGAC_TCGCATAA.unmapped.2.fastq.gz,D-L2-H09_S093_L002_R2_001.fastq.gz
3_HYTYKBGX7.3.CCTAAGAC_TCGCATAA.unmapped.1.fastq.gz,D-L2-H09_S093_L003_R1_001.fastq.gz
3_HYTYKBGX7.3.CCTAAGAC_TCGCATAA.unmapped.2.fastq.gz,D-L2-H09_S093_L003_R2_001.fastq.gz
4_HYTYKBGX7.4.CCTAAGAC_TCGCATAA.unmapped.1.fastq.gz,D-L2-H09_S093_L004_R1_001.fastq.gz
4_HYTYKBGX7.4.CCTAAGAC_TCGCATAA.unmapped.2.fastq.gz,D-L2-H09_S093_L004_R2_001.fastq.gz
1_HYTYKBGX7.1.CGATCAGT_TCGCATAA.unmapped.1.fastq.gz,D-L3-H10_S094_L001_R1_001.fastq.gz
1_HYTYKBGX7.1.CGATCAGT_TCGCATAA.unmapped.2.fastq.gz,D-L3-H10_S094_L001_R2_001.fastq.gz
2_HYTYKBGX7.2.CGATCAGT_TCGCATAA.unmapped.1.fastq.gz,D-L3-H10_S094_L002_R1_001.fastq.gz
2_HYTYKBGX7.2.CGATCAGT_TCGCATAA.unmapped.2.fastq.gz,D-L3-H10_S094_L002_R2_001.fastq.gz
3_HYTYKBGX7.3.CGATCAGT_TCGCATAA.unmapped.1.fastq.gz,D-L3-H10_S094_L003_R1_001.fastq.gz
3_HYTYKBGX7.3.CGATCAGT_TCGCATAA.unmapped.2.fastq.gz,D-L3-H10_S094_L003_R2_001.fastq.gz
4_HYTYKBGX7.4.CGATCAGT_TCGCATAA.unmapped.1.fastq.gz,D-L3-H10_S094_L004_R1_001.fastq.gz
4_HYTYKBGX7.4.CGATCAGT_TCGCATAA.unmapped.2.fastq.gz,D-L3-H10_S094_L004_R2_001.fastq.gz
1_HYTYKBGX7.1.TGCAGCTA_TCGCATAA.unmapped.1.fastq.gz,D-L4-H11_S095_L001_R1_001.fastq.gz
1_HYTYKBGX7.1.TGCAGCTA_TCGCATAA.unmapped.2.fastq.gz,D-L4-H11_S095_L001_R2_001.fastq.gz
2_HYTYKBGX7.2.TGCAGCTA_TCGCATAA.unmapped.1.fastq.gz,D-L4-H11_S095_L002_R1_001.fastq.gz
2_HYTYKBGX7.2.TGCAGCTA_TCGCATAA.unmapped.2.fastq.gz,D-L4-H11_S095_L002_R2_001.fastq.gz
3_HYTYKBGX7.3.TGCAGCTA_TCGCATAA.unmapped.1.fastq.gz,D-L4-H11_S095_L003_R1_001.fastq.gz
3_HYTYKBGX7.3.TGCAGCTA_TCGCATAA.unmapped.2.fastq.gz,D-L4-H11_S095_L003_R2_001.fastq.gz
4_HYTYKBGX7.4.TGCAGCTA_TCGCATAA.unmapped.1.fastq.gz,D-L4-H11_S095_L004_R1_001.fastq.gz
4_HYTYKBGX7.4.TGCAGCTA_TCGCATAA.unmapped.2.fastq.gz,D-L4-H11_S095_L004_R2_001.fastq.gz
1_HYTYKBGX7.1.TCGACGTC_TCGCATAA.unmapped.1.fastq.gz,neg1-H12_S096_L001_R1_001.fastq.gz
1_HYTYKBGX7.1.TCGACGTC_TCGCATAA.unmapped.2.fastq.gz,neg1-H12_S096_L001_R2_001.fastq.gz
2_HYTYKBGX7.2.TCGACGTC_TCGCATAA.unmapped.1.fastq.gz,neg1-H12_S096_L002_R1_001.fastq.gz
2_HYTYKBGX7.2.TCGACGTC_TCGCATAA.unmapped.2.fastq.gz,neg1-H12_S096_L002_R2_001.fastq.gz
3_HYTYKBGX7.3.TCGACGTC_TCGCATAA.unmapped.1.fastq.gz,neg1-H12_S096_L003_R1_001.fastq.gz
3_HYTYKBGX7.3.TCGACGTC_TCGCATAA.unmapped.2.fastq.gz,neg1-H12_S096_L003_R2_001.fastq.gz
4_HYTYKBGX7.4.TCGACGTC_TCGCATAA.unmapped.1.fastq.gz,neg1-H12_S096_L004_R1_001.fastq.gz
4_HYTYKBGX7.4.TCGACGTC_TCGCATAA.unmapped.2.fastq.gz,neg1-H12_S096_L004_R2_001.fastq.gz
